bytes	frames	size	duration_ms	short_frames	loop	transparent_first	transparent_any	duplicate	sha256_12	path
22595504	851	1798x1390	14190	283	0	False	False	0	65b119ed1aed	archive/raw/bd2524b247c2/images/005-1_AQTFHOwHXS3uJUC6WKR6WA.gif
22526770	510	1208x720	17010	0	0	False	False	0	e832bf3c90f1	archive/raw/77df24c8db80/images/002-1_OEJksEVfQVZugt_d6EYXBQ.gif
19884745	302	960x732	13780	0	0	False	False	0	f250fcb1de2d	archive/raw/164eb2eae102/images/003-1_vSfRgAQN2UnfDlYmhjruSg.gif
19023361	2190	1616x1568	73010	0	0	False	False	0	7ff15e109c21	archive/raw/3ee42dfdc54f/images/002-1_B3qjACXLBG9pBOlzY8WNxA.gif
17564258	101	1836x970	10100	0	0	False	False	0	4d1922bf44e1	archive/raw/2e432df402c8/images/013-0_ArP2iU5tKYDHvvZd.gif
16110747	536	800x708	53600	0	0	False	False	0	14815f022fc4	archive/raw/701e7b9841e6/images/002-1_ViuKQhOWZPVULL6kQOPwPw.gif
16074711	179	1022x1077	17900	0	0	False	False	0	bccb659ff6e4	archive/raw/a2ce7ef99130/images/003-1_6WMGnuNAAToGvOooOvvmLg.gif
13593545	246	2642x1872	13830	0	0	False	False	0	8c31e5fb3b64	archive/raw/164eb2eae102/images/007-1_OsSPlHcgfeF8ehIPGtFmpw.gif
11992308	125	1920x1080	10000	0	0	False	False	0	c20c2d3d8200	archive/raw/c9d93542f20b/images/014-1_TxNBjy8ovN1LbrQ1UYejAQ.gif
10823198	186	1360x720	12390	0	0	False	False	0	78b033a289f9	archive/raw/fc998095081e/images/001-1_dioQ00ymlsIb1PPH_SBdjg.gif
9036192	1058	938x678	35260	0	0	False	False	0	ee36c3984822	archive/raw/f8151c2cc6e8/images/003-1_UZ42uWfkmSasuyGWFRI2ZQ.gif
8358735	955	1600x900	31830	0	0	False	False	0	60549c2f82f8	archive/raw/8096b8b223d0/images/002-1_YNXP-hnVMyrpRjDwMyFBtA.gif
8217359	500	751x360	29480	0	0	False	False	0	c23174310e91	archive/raw/fe9b54227d92/images/013-1_PBrf5vWYC8VTq_7VUOZCpA.gif
7731971	161	1500x900	16100	0	0	False	False	0	835d675da072	archive/raw/52f9657fa7a/images/002-1_a8s90I7Kj3DyBjmh_LjAaw.gif
7458972	240	2556x1716	12320	0	0	False	False	0	14199b1415ad	archive/raw/164eb2eae102/images/008-1_0vn1t-SlN8LvAKLrVAiHoA.gif
7416272	33	1360x1256	9710	0	0	False	False	0	a39bed393c71	archive/raw/cda20dc15a21/images/007-1_rVDzJqp1EHI9UzzgkPzlqw.gif
7267786	489	1800x841	20120	0	0	False	False	0	ba7f41dcc62e	archive/raw/cda20dc15a21/images/015-1_9gJsZRQ9CUEd2Uz_I_BBJw.gif
7001338	487	1300x523	30880	0	0	False	False	0	9bdb17890b10	archive/raw/61a593c0752d/images/002-1_lPmCcgJois-PygoFXI6Bhw.gif
6958876	348	1646x782	17880	0	0	False	False	0	5c9c51e863e5	archive/raw/8eb9e8f81f0/images/007-1_DgAD-S5mvLOEK6RtDM8GZA.gif
6932403	117	1000x600	14110	0	0	False	False	0	847be149de78	archive/raw/52f9657fa7a/images/003-1_02DmPnByfXtPkeYnytNvfA.gif
6836816	414	2860x1856	13810	0	0	False	False	0	6247ea8f50a8	archive/raw/b4bc69bfc8f4/images/008-1_cjJGJmrDUisWFcVejvqytg.gif
6756333	169	800x469	16900	0	0	False	False	0	273af7afcf9b	archive/raw/03e6b78bacc0/images/001-1_gyuKfOzFSbmRhH9LVBTJiA.gif
6543178	963	1266x970	24070	0	0	False	False	0	6ad5ec566bda	archive/raw/cda20dc15a21/images/005-1_uPfz8srjXR24dtFm8wVBQg.gif
6195445	380	1508x1017	38000	0	0	False	False	0	3ea52122a117	archive/raw/379e96bb199d/images/009-1_Iwg6iPSZmr5o1ZozOlJXDQ.gif
5986280	691	1764x860	12900	564	0	False	False	0	fcdf1380543b	archive/raw/11e5dab7c54/images/006-1_DQA3TQcVSJBtWxSMD-sq-g.gif
5973238	373	2545x1302	31510	0	0	False	False	0	c97685deb5da	archive/raw/8eb9e8f81f0/images/006-1_4lDSgoYLrUqX7SQul_yXxw.gif
5970959	178	800x708	17800	0	0	False	False	0	185b26f5fbc8	archive/raw/701e7b9841e6/images/001-1_FbGYR9TzYpyDBD7HRmHMyg.gif
5953764	440	687x491	23130	1	0	False	False	0	41f5ce98e98f	archive/raw/11e5dab7c54/images/002-1_PNV_xAcapA3ONJZwuCKnfg.gif
5777936	232	1645x782	17940	0	0	False	False	0	925ecc270e4e	archive/raw/8eb9e8f81f0/images/008-1_QD98Lrlr7_CJfgVbxHhf6w.gif
5616288	213	2560x1378	8520	0	0	False	False	0	e40ea672991f	archive/raw/a9e1300ab3b2/images/003-1_Gwq82pb0qAInlPUJm_-JYA.gif
5395913	316	2100x1556	14420	0	0	False	False	0	26d626b3dad0	archive/raw/164eb2eae102/images/001-1_VCG-57YX8IrfTyeby3Ybjg.gif
5370521	551	2504x1320	23130	0	0	False	False	0	5b1b832ef901	archive/raw/a9e1300ab3b2/images/002-1_djVMI5ujhEq6xVbYJNzuuA.gif
5316473	231	1227x800	49440	0	0	False	False	0	858f44e10063	archive/raw/0515d4c41a61/images/001-1_x9r8gIqX1wbubuE8sT6GFg.gif
5184746	620	1196x648	62000	0	0	False	False	0	c299d5412316	archive/raw/2884a462e724/images/005-1_32qRaKxSbihtMaetq6jFog.gif
5149375	39	500x500	2590	0	0	False	False	0	985e8c397d5c	archive/raw/52f9657fa7a/images/001-1_YA26aVkLDM1KXjNtGu5-Hw.gif
5144681	324	1916x924	21590	0	0	False	False	0	d681e86aec06	archive/raw/af68ed6648a6/images/005-1_xOABVY2hNtVmjV5-LXreFw.gif
5011442	130	1000x600	14080	1	0	False	False	0	cb65cd464ca3	archive/raw/52f9657fa7a/images/007-1_u2J2aJy6FfBaFytG0ppruw.gif
4758279	461	1038x554	107300	0	0	False	False	0	9f2461991780	archive/raw/99c56ae56c47/images/002-1_S2B9CFCZi4fLA-spXbqhzg.gif
4405065	112	800x487	5590	0	0	False	False	0	6f37baa05c12	archive/raw/c57a5bb518d6/images/002-1_681fIddZAaQc8w72MmmIiw.gif
4199247	97	1000x600	10960	0	0	False	False	0	8df797b7aa42	archive/raw/52f9657fa7a/images/015-1_m2ElLEj6r-6uDqXmA0tqRw.gif
4102072	213	1200x800	7110	0	0	False	False	0	872a5da33a2a	archive/raw/4f58385e25bb/images/005-1_K24B_sxJ6Y-PHeLTURyRTw.gif
4017608	76	1500x900	7600	0	0	False	False	0	88965db6a97c	archive/raw/f6a2c08a4a93/images/007-1_os2ABw7hEnfd1Dq5pOrTDg.gif
3922205	168	800x500	16800	0	0	False	False	0	a506f48565c9	archive/raw/8d75a0f9d207/images/002-1_cR1hInF2oXYu8hbosLx78w.gif
3874819	182	1000x600	26870	0	0	False	False	0	99ab9b21d973	archive/raw/52f9657fa7a/images/005-1_31XAuFgaeln-mrjxxRzdxA.gif
3831073	117	1065x831	20850	0	0	False	False	0	ea571f65179f	archive/raw/0515d4c41a61/images/005-1_CYXJbXzmMGnuW_c_ktwkgA.gif
3648599	191	1510x906	19100	0	0	False	False	0	9fa356859123	archive/raw/ef4a00a0d925/images/003-1_pyLtQiOV5uzGk-VKAVyD4Q.gif
3618889	896	1196x648	89600	0	0	False	False	0	cb5bb3c4117f	archive/raw/2884a462e724/images/006-1_FnkBH8yA-PfCNCxXA2PNIw.gif
3591500	128	712x480	8540	0	0	False	False	0	39ff15d6ae75	archive/raw/fc998095081e/images/002-1__KUkFmq1lO3H-tx4XJPNew.gif
3580501	86	1000x600	9410	0	0	False	False	0	703284bcdc82	archive/raw/52f9657fa7a/images/006-1_lZT_nX-jH3jcMLFdhTUxXw.gif
3512628	265	1200x800	17150	0	0	False	False	0	884b684bed24	archive/raw/f6e2e41ab3fa/images/009-1_c1DIbxS6bZ7bHDcOTEIJfg.gif
3507159	376	1200x800	24600	0	0	False	False	0	461e895aea23	archive/raw/f6e2e41ab3fa/images/008-1_w7Y4wRz9h2OFMgm5MfdD0A.gif
3478271	161	1328x1124	4020	0	0	False	False	0	8e9b94e24d69	archive/raw/cda20dc15a21/images/006-1_0AABOZ_YoDUqcyOVlCT-SA.gif
3400179	312	626x313	62400	0	0	False	False	0	b65859a804f4	archive/raw/548780d0f40/images/002-1_Sst82t-Cm-DktVViFQ0I6w.gif
3397221	391	1200x800	23900	0	0	False	False	0	4695619b7ec3	archive/raw/f6e2e41ab3fa/images/007-1_SRr162bkckWsmoSMxVd2uQ.gif
3291112	150	800x424	15000	0	0	False	False	0	76714a49fe23	archive/raw/03e6b78bacc0/images/003-1_1eO0MShCVn71uIhAkC61ZA.gif
3251765	116	1000x600	18700	0	0	False	False	0	e0ff20f5b93c	archive/raw/52f9657fa7a/images/010-1_eUr0hcPcBInlp125yA7sHg.gif
3246927	658	1423x943	21930	0	0	False	False	0	cd5a7b611b46	archive/raw/4f58385e25bb/images/006-1_DXwxXMj-B1Jqpsx3RmUitA.gif
3149465	355	1500x1000	35500	0	0	False	False	0	096855d7c710	archive/raw/f6a2c08a4a93/images/002-1_imDFJcYj8k-apbrvIK9ZVQ.gif
3140496	124	1000x600	12600	0	0	False	False	0	493d37718ddc	archive/raw/29a97597fc33/images/005-1_au2ruI66bs1gx3AY3qtvlQ.gif
3139058	97	1000x600	14070	0	0	False	False	0	17307c07811f	archive/raw/261a65bd56fe/images/004-1_IULQ8LZDnLFMmB1nsbNF0Q.gif
3051454	120	600x641	6000	0	0	False	False	0	d24f0528783e	archive/raw/10eb9ea30980/images/001-0__zowwA1kefuHdpEX.gif
3038566	507	541x963	16910	0	0	False	False	0	20d735df1918	archive/raw/8096b8b223d0/images/010-1_w5BYbWktaFxHWKd-stlQGg.gif
2948023	194	1508x1017	19400	0	0	False	False	0	8dfeff7b0ba1	archive/raw/379e96bb199d/images/011-1_b-X9cmzXfq7NIXeEwfEzow.gif
2913684	268	2510x1040	14260	0	0	False	False	0	9563baf4380f	archive/raw/164eb2eae102/images/006-1_KIB7LU5YpN90zEh0-Czilg.gif
2896347	455	1200x675	30340	0	0	False	False	0	063059ae3503	archive/raw/f6e2e41ab3fa/images/006-1_2WBnuwRGkASGVNYUGjyPHg.gif
2860425	822	1266x996	20560	0	0	False	False	0	51633ea313d2	archive/raw/cda20dc15a21/images/002-1_-g4lwaLsCuTGDQUR9IBYxA.gif
2698276	93	1200x750	3720	0	0	False	False	0	607894095942	archive/raw/0c89c4200f79/images/002-1_EFPxwNDTRN3933qULcA3Rg.gif
2695870	153	1000x600	25880	0	0	False	False	0	4406afa040f1	archive/raw/a8828a54ab63/images/005-1_0l66uLHE51IpGlDLsOf2kw.gif
2624754	391	1146x615	39100	0	0	False	False	0	14a8ca3e9fa6	archive/raw/fe9b54227d92/images/009-1_ro5Ggdstnf0DoqhTUWGq3A.gif
2592097	297	1918x968	29700	0	0	False	False	0	8a807a1bf070	archive/raw/789fcb1a5857/images/004-1_y6-MX2tjbBavUr3GHFDnIw.gif
2385902	75	1000x600	10560	0	0	False	False	0	45c9130db169	archive/raw/52f9657fa7a/images/004-1_3t7T3EGIeA10R0XrrM9ZVw.gif
2356718	198	1882x987	35400	0	0	False	False	0	aa2dc3417df7	archive/raw/8a431c2b353e/images/002-1_J_f7YGDoufB7bBw_Ik7HuA.gif
2347782	168	964x506	37320	0	0	False	False	0	f518dcdbc764	archive/raw/fe9b54227d92/images/005-1_lGVLY4fL1ytMfT-eWtoXkw.gif
2322686	575	1279x650	38340	0	0	False	False	0	63fbb7a35495	archive/raw/cbf7aa8bc72e/images/005-0_-5xZV1SW6nA4ARWx.gif
2322539	208	2524x1012	27250	0	0	False	False	0	f9225308e100	archive/raw/11e5dab7c54/images/004-1_1EEekwYT-JCARQoQgUJdJg.gif
2308636	241	1500x900	24100	0	0	False	False	0	d1a9d23a0c1c	archive/raw/f6a2c08a4a93/images/003-1_ce142q3rm3TgJZVNEgGWcw.gif
2290462	367	2000x1200	30580	0	0	False	False	0	54b8bc2af0f4	archive/raw/edb3f80dc1c0/images/002-1_dkyeiiagy9zZnfCxjkCgPg.gif
2249368	342	1500x1000	34200	0	0	False	False	0	375f8f81fe5f	archive/raw/f6a2c08a4a93/images/005-1_iBz5dUYHT5N9dbymPKTGCg.gif
2233651	233	1026x747	59490	0	0	False	False	0	190edf3f56c6	archive/raw/3648c306b91a/images/008-1_BkIHAJsG4Fs7-8aD3k-4GA.gif
2188857	202	2000x1200	16830	0	0	False	False	0	bf2504311163	archive/raw/edb3f80dc1c0/images/005-1_UxMOxMnDiheATrA044BK5A.gif
2140737	105	1376x982	15670	0	0	False	False	0	da212010359b	archive/raw/cda20dc15a21/images/010-1_v8D4SUV9rkTKQ6nnL6Yfsg.gif
2026250	202	1149x747	47210	0	0	False	False	0	206b204a14d5	archive/raw/3648c306b91a/images/006-1_X7c10sZzH5qbv5kpAUOMBA.gif
2025498	1523	1024x696	76150	0	0	False	False	0	8e1e65f2a0bf	archive/raw/a4ad73a1a718/images/002-1_O0nYHhfEne2BH4XsknaPhg.gif
2008940	298	1600x900	9930	0	0	False	False	0	a1fb012b5dc2	archive/raw/f6e2e41ab3fa/images/011-1_kPYtSDP3aE5_M5AmDT-Uvw.gif
1962270	324	1992x860	19700	0	0	False	False	0	3f6879f69ae0	archive/raw/f6e2e41ab3fa/images/004-1_HwMx3Fd6iICkWjjvUCtvwA.gif
1960778	236	1580x1074	25900	0	0	False	False	0	091e2a0478c0	archive/raw/a4ad73a1a718/images/003-1_xv77xrNuUHKLjLinum0dlQ.gif
1860017	555	3340x1517	55500	0	0	False	False	0	1fe2f30cede2	archive/raw/b8dff6a9d8af/images/002-1_BBSKYgAom2NJoQLvOwyJLg.gif
1775362	807	1264x1278	20170	0	0	False	False	0	ceed93985e42	archive/raw/cda20dc15a21/images/013-1_Mr_2vTFlIfad2Wsbz6gmTQ.gif
1769093	606	1425x938	20210	0	0	False	False	0	4c20868ede05	archive/raw/4f58385e25bb/images/007-1_jg5drA_J783_IrqdLzye5w.gif
1763453	247	2548x1282	24700	0	0	False	False	0	c81161601f45	archive/raw/bfd06797f188/images/007-1_DqBf2bE3M7ynUy-Kv0qIbA.gif
1748966	88	1795x996	9310	0	0	False	False	0	809c1dcc37b6	archive/raw/8eb9e8f81f0/images/005-1_4qvN9PdUYf5-jq5rjYUAEQ.gif
1721805	34	1400x739	3400	0	0	False	False	0	37d257961f2c	archive/raw/2e432df402c8/images/008-0_yMSCAFt70y43daKm.gif
1706217	15	1000x600	3000	0	0	False	False	0	c89944cc167c	archive/raw/fcdf211e30a8/images/012-1_3XxIdWaB7HRmRDY_PzOGaQ.gif
1677509	297	1500x900	29700	0	0	False	False	0	71521771b64d	archive/raw/f6a2c08a4a93/images/008-1_grVVSeKyw7bXYU7fZmHgQQ.gif
1661769	39	1400x739	3900	0	0	False	False	0	46791333f440	archive/raw/2e432df402c8/images/007-0_A-2SpNknQua_D73o.gif
1638811	278	1019x674	60080	0	0	False	False	0	3d85fd9ee52f	archive/raw/3648c306b91a/images/001-1_X4bZbN5zydCMu6AJV3bP7A.gif
1625420	297	1500x900	29700	0	0	False	False	0	0d91ee13738c	archive/raw/bfd06797f188/images/003-0_OtsvahHJvfEvcziO.gif
1625398	280	800x732	28000	0	0	False	False	0	092f281da4c6	archive/raw/11e5dab7c54/images/005-1_gZRZp4X1SM1tiC3FHpDUTw.gif
1621745	200	800x430	13340	0	0	False	False	0	46165ccab9e0	archive/raw/6eb498a22178/images/003-1_hG86LjJfW9V_AVmjbAd_Pw.gif
1537104	297	1500x900	29700	0	0	False	False	0	19298b16c2b2	archive/raw/f6a2c08a4a93/images/006-1_e3k8ZgJoCp0Pm-yZ5Xr0Xg.gif
1503790	132	1000x600	24000	0	0	False	False	0	9b68804dad11	archive/raw/a8828a54ab63/images/002-1_yRpK3giBa1BLxxnepSE-kg.gif
1484117	132	1028x773	31930	0	0	False	False	0	cd3ef40b2203	archive/raw/cec528d5e460/images/005-1_ZmM2yk2twSA01msHOZU2sg.gif
1478176	246	1200x675	16390	0	0	False	False	0	a620a00e3e61	archive/raw/404cce3e1df6/images/003-1_OtluradnAZEDP_Cpe7x-hQ.gif
1435320	112	1000x600	11300	0	0	False	False	0	f316b227b707	archive/raw/29a97597fc33/images/004-1_hAGP5bJQ-2xN7w0dLprXig.gif
1384985	118	1394x933	11800	0	0	False	False	0	5328447c8a04	archive/raw/713b5630e457/images/004-1_TSiSmKHJOGE0PQ_c7alv1w.gif
1377114	237	1918x968	23700	0	0	False	False	0	11babc091a27	archive/raw/789fcb1a5857/images/003-1_t4EW3oCIrt5FaMXUyjYPFw.gif
1344686	61	1000x600	6400	0	0	False	False	0	3a43f6253ae7	archive/raw/29a97597fc33/images/002-1_44MjnyyY7En1fSyg3ZjUbg.gif
1326817	315	1918x968	31500	0	0	False	False	0	544e8555497f	archive/raw/789fcb1a5857/images/002-1_u0AnafiS2HtXhCiCMg25cA.gif
1303715	158	800x287	32600	0	0	False	False	0	ba118bba7421	archive/raw/388d05e03442/images/002-1_382cHBlUd2-kgWzpci8OOw.gif
1216902	937	1798x859	31230	0	0	False	False	0	6797988eedbc	archive/raw/8096b8b223d0/images/011-1_jJQM60b76hELGDQxWcRbNA.gif
1196122	781	1276x926	19520	0	0	False	False	0	8cdbda0b5ee6	archive/raw/cda20dc15a21/images/012-1_cIqICNLl2CTGoW5vdmyr-w.gif
1160574	74	1564x886	7400	0	0	False	False	0	2d8e49349660	archive/raw/2945985c032a/images/001-1_5W4lCfV_HPwSmFP88niiJg.gif
1157022	220	800x430	14670	0	0	False	False	0	48e7d0cdce0e	archive/raw/6eb498a22178/images/002-1_eWCCAx2Uyw7pf3DXCmbVyQ.gif
1130178	81	1254x729	17260	0	0	False	False	0	9eb7fa42b5c7	archive/raw/3648c306b91a/images/009-1_ebEfHbxI6JnOWu9sSgP-nA.gif
1127485	234	676x409	23400	0	0	False	False	0	cec1413002e3	archive/raw/435f67d10b4f/images/003-1_x-8g5Ux5j4wPmwI5TYSWkw.gif
1124122	71	1504x906	7100	0	0	False	False	0	4dedc18280f7	archive/raw/6084f96db263/images/002-1_0hhaIizZhuUGbSRCcsuZLA.gif
1119352	235	679x410	23500	0	0	False	False	0	a0c15b45abd4	archive/raw/87d659583490/images/001-1_mp59BtUkz046smQek2-BFA.gif
1101938	269	1200x674	19140	0	0	False	False	0	abe3e47aee7c	archive/raw/f8151c2cc6e8/images/004-1_fK9jSMoHgqBpnKN5aLXlIg.gif
1081368	132	1019x674	32870	0	0	False	False	0	13ee7f63834a	archive/raw/3648c306b91a/images/014-1_5qQDXByT8dHSHMs86geeiQ.gif
1076146	144	1254x729	33790	0	0	False	False	0	64d9cbd271b0	archive/raw/3648c306b91a/images/012-1_Dkhv6nZt2vExa-UjMTkaRA.gif
1051801	159	1250x750	15900	0	0	False	False	0	419625b0da14	archive/raw/9d17bcfacb4/images/003-1_cmnPUKlhHHwUf8PZhNQx2g.gif
1044243	235	679x410	23500	0	0	False	False	0	fd30a24e8bb9	archive/raw/435f67d10b4f/images/004-1_Pg6UNndYe0TIfRIeXy3RvA.gif
963376	152	800x287	31600	0	0	False	False	0	306dc67a14e0	archive/raw/388d05e03442/images/003-1_DL6GE3nEYT9SGn7oDGnydQ.gif
920080	78	803x599	7080	1	0	False	False	0	0fb4d6b36bb8	archive/raw/fe9b54227d92/images/011-1_Mx2g3JuTG1Cfvkkv0kqtLA.gif
910058	166	2000x1200	13830	0	0	False	False	0	d295c01045b7	archive/raw/edb3f80dc1c0/images/003-1_wTGFO6IDHQ0YSYjso-XUtA.gif
906277	188	800x430	12540	0	0	False	False	0	604b82baaec5	archive/raw/6eb498a22178/images/001-1_pZAalrX9FpY6Bbv0aSJAWg.gif
899577	356	1434x876	8910	0	0	False	False	0	701a1497abe0	archive/raw/cda20dc15a21/images/004-1_63aIvo4SQdeqUbVppf_WUA.gif
893024	258	1280x720	8510	0	0	False	False	0	91ab7b994f57	archive/raw/db4859f86762/images/001-1_oKl3bDSanz-SFqsgWsAPBw.gif
884610	59	800x326	7000	0	0	False	False	0	822efd8f7632	archive/raw/c57a5bb518d6/images/001-1_fxJcZt6CBqZodRKm-k9vBA.gif
883146	205	880x532	45200	0	0	False	False	0	6f03ce7c5090	archive/raw/99c56ae56c47/images/001-1_apqtMnPMoBql8XXbIQOpYA.gif
878357	219	1200x675	14590	0	0	False	False	0	42f8426d2db8	archive/raw/404cce3e1df6/images/002-1_zSExeL4Doygxl-o3lnStuQ.gif
860216	167	2000x1200	13910	0	0	False	False	0	770de0fb4b54	archive/raw/edb3f80dc1c0/images/004-1_qFCSqPLAJptGXf4fCC7F0g.gif
848844	169	1918x968	16900	0	0	False	False	0	534dd9ad1410	archive/raw/789fcb1a5857/images/001-1_m3zuJtMenNyGL-0R2nz7Cg.gif
842465	245	1394x933	24500	0	0	False	False	0	052868db30b0	archive/raw/713b5630e457/images/006-1_EFxI8mzCwYwnK9DB_xGxTQ.gif
837672	64	1665x912	14730	0	0	False	False	0	10f3c7523729	archive/raw/bfd06797f188/images/005-1_7psFVJ14ekqdgi7n3ZwS-Q.gif
821378	72	1000x600	25300	1	0	False	False	0	ec8f69a0e2cb	archive/raw/9549c5dcf551/images/003-1_BIDimBvS_g8QH5fuHS_QRQ.gif
812569	35	300x298	2100	0	0	False	False	0	fd4786ee47de	archive/raw/999534c77a09/images/009-fWgAW7WZtPMBjmpa3V-giphy.gif
811666	290	931x512	29000	0	0	False	False	0	377cae928efa	archive/raw/8a431c2b353e/images/001-1_Pl6z5oPeFixFjxMEYzEpIA.gif
765182	150	2000x1200	12500	0	0	False	False	0	90e695a1ebf9	archive/raw/edb3f80dc1c0/images/006-1_LbyGHamQs-_pNmk2vmDdfQ.gif
735843	510	1600x900	17010	0	0	False	False	0	eba3f58a550b	archive/raw/8096b8b223d0/images/006-1_Kdj9uNSXmZVOzDVM_qKjxQ.gif
723308	95	1000x600	16140	0	0	False	False	0	d6350054b054	archive/raw/261a65bd56fe/images/001-1_b_2s5wfIzrqGapkhBytHSg.gif
713532	464	1200x800	15460	0	0	False	False	0	7a54652edc2c	archive/raw/f6e2e41ab3fa/images/012-1_69CnccBrufVEEU0wqE_f7Q.gif
703625	108	1504x906	10800	0	0	False	False	0	42314b372099	archive/raw/6084f96db263/images/001-1_iGMClCbnpOvUlZ5xoiAASA.gif
701810	89	1836x970	8900	0	0	False	False	0	fa6527c15a39	archive/raw/2e432df402c8/images/011-0_tHhXDPzcThHTqor5.gif
701104	586	1200x800	19530	0	0	False	False	0	561cdf54b35f	archive/raw/4f58385e25bb/images/002-1_bSH9IcyWHLaNML2q9lRThg.gif
700207	1807	1500x965	60230	0	0	False	False	0	a842448d0faf	archive/raw/914e61716559/images/002-1_NP0bYBdrhwgpJpKDhPLWrQ.gif
689862	52	999x600	10400	0	0	False	False	0	e339ee55c2b3	archive/raw/52f9657fa7a/images/009-1_6tCnE8oedSXuEtiGKA1fAA.gif
686674	140	1394x933	14000	0	0	False	False	0	3db163b277d4	archive/raw/713b5630e457/images/003-1_Z-aWN6goZH_1YcabAYj2fQ.gif
685535	114	960x415	8670	0	0	False	False	0	588f3a7e8b49	archive/raw/da0ad084966e/images/011-1_7gY1tFtpCC_4oi5SN8lAEA.gif
676916	76	1795x996	8050	0	0	False	False	0	097fdcda3b4b	archive/raw/8eb9e8f81f0/images/004-1_I_XVE0J8vjYne5wnsZ9WuA.gif
676889	876	1198x798	29210	0	0	False	False	0	975be74fd3d5	archive/raw/914e61716559/images/007-0_EtApkSznZEY-GJhA.gif
675672	101	800x323	7330	0	0	False	False	0	2a8266de44a0	archive/raw/da0ad084966e/images/010-1_62m9scX8q8zpeMppdsV5hg.gif
650072	152	1394x933	15200	0	0	False	False	0	f0e9e9871c69	archive/raw/713b5630e457/images/005-1_nyXQAQivNvV23xvS_1KCYQ.gif
625836	790	1316x1266	19760	0	0	False	False	0	e8339c0b98a9	archive/raw/cda20dc15a21/images/011-1_ZkV-0GDc_0Kxdbc6CHzB0w.gif
623726	531	1299x674	53100	0	0	False	False	0	a3cc3ccae86a	archive/raw/99c56ae56c47/images/003-1_iDhidg4ebeIL2a6pYJOOvw.gif
609228	241	1000x600	28990	0	0	False	False	0	e00fa4c12795	archive/raw/11e5dab7c54/images/001-1_gCej3VJVI_8k27KR33wDLw.gif
606215	174	780x524	20680	1	0	False	False	0	52d14893c380	archive/raw/ae191bc6fb8e/images/005-1_GDwfwdQyqprIcHbXCCkDhA.gif
589728	114	1250x750	11400	0	0	False	False	0	ef6387dcfda7	archive/raw/9d17bcfacb4/images/002-1_PTiGVyDsazc_ziz6Bk4EnA.gif
579339	375	1600x900	12510	0	0	False	False	0	3ca24dc4a480	archive/raw/8096b8b223d0/images/008-1_RlEcR2gqeFdzM-0Vbrrm1g.gif
541154	172	1280x720	26500	0	0	False	False	0	b7e9d9347213	archive/raw/18eb5c83dc1b/images/003-0_J_A7MbZ2JI5hZh7n.gif
529678	607	912x665	30350	0	0	False	False	0	1e5bfc791221	archive/raw/805e48918801/images/005-1_FTlpril_YV5W6-xYelNrtA.gif
524285	845	1198x798	28160	0	0	False	False	0	d7a757420832	archive/raw/914e61716559/images/004-0_gsIleEb7Q-sq05f0.gif
496807	190	1600x900	6330	0	0	False	False	0	01a579b84a9d	archive/raw/8096b8b223d0/images/007-1_7k57aBOevLbtRDvCBWEWkw.gif
492424	651	1198x798	21710	0	0	False	False	0	0888f2b8fbc7	archive/raw/914e61716559/images/008-0_9pVDg58cTz5Yezw8.gif
486087	695	1600x900	23160	0	0	False	False	0	e77ce4a5aa4a	archive/raw/8096b8b223d0/images/004-1_KejsZJ1Vq82_ncEGjN6zdA.gif
473801	87	1000x600	17400	0	0	False	False	0	a276a07583a3	archive/raw/52f9657fa7a/images/012-1_0SvmdK7ykkDXZ4oU-x6QzA.gif
462621	738	1198x798	24610	0	0	False	False	0	3b6d7a64561c	archive/raw/914e61716559/images/006-0_ZejsDIpKOEPDgoTs.gif
452406	267	1007x888	26700	0	0	False	False	0	aed8a637ec9e	archive/raw/c64e75468fe6/images/001-1_kPeW6sSz3obRCxM50U6QAA.gif
401377	104	1500x900	10400	0	0	False	False	0	b3bf29c20de4	archive/raw/f6a2c08a4a93/images/009-1_HtXNf1rq26u9ss8L-Oo6VQ.gif
397037	198	1122x910	19800	0	0	False	False	0	64f47e8e82b1	archive/raw/c64e75468fe6/images/004-1_U3_wuju-3UVQRWRxHo2Gmw.gif
381658	622	1099x677	62200	0	0	False	False	0	146134ac6e81	archive/raw/1b850fcd8624/images/007-1_0n1kaev7c81I45SZ0HoLxQ.gif
360344	51	964x506	15010	0	0	False	False	0	b2aa54f52b42	archive/raw/fe9b54227d92/images/004-1_NnjISpzZtpy5TOurg0S89A.gif
358437	1155	1126x1416	28870	0	0	False	False	0	7f25afe4f7d0	archive/raw/cda20dc15a21/images/014-1_8f05EGZrQyBxZr-Byn_vxg.gif
349477	54	776x526	15050	0	0	False	False	0	f78569292dc1	archive/raw/37d6ae621f83/images/g005-4-1-snr.gif
348803	285	1200x800	9510	0	0	False	False	0	d34eca207a35	archive/raw/4f58385e25bb/images/004-1_ZLDBAmTHYyGVp3RNQN09KQ.gif
343713	236	2072x816	23600	0	0	False	False	0	f9cc36fb8732	archive/raw/8d6d66126dcf/images/003-0_aiZac10EROHCzjDH.gif
340874	41	1000x600	8200	0	0	False	False	0	5b46c037125d	archive/raw/52f9657fa7a/images/008-1_MbLnLa_LsugvYdBNjGhhQQ.gif
339280	128	1464x872	12800	0	0	False	False	0	82116712e419	archive/raw/47ea781eacd2/images/009-1_ey1ie8kpgPMTvHU6nvjKvw.gif
337669	191	1200x800	20060	0	0	False	False	0	c5926c618c67	archive/raw/4f58385e25bb/images/001-1_RoJnb1XpB6g5geG15WgrMg.gif
334253	57	1000x600	11400	0	0	False	False	0	5f6666bee292	archive/raw/fcdf211e30a8/images/007-1_OJYy6QP8HSEPUQHhyyCOcQ.gif
332232	226	1250x750	22600	0	0	False	False	0	856b99cbe1df	archive/raw/9d17bcfacb4/images/004-1_bB5hiXIbVAlV3kX9KJfLfg.gif
316547	85	1141x961	8500	0	0	False	False	0	3e9d11726c43	archive/raw/c64e75468fe6/images/002-1_zuo-oFLtcb1Yw05oGRUTNg.gif
311307	98	1000x600	10000	0	0	False	False	0	2c2eb969767c	archive/raw/29a97597fc33/images/003-1_Y0vnsdwZ80L651FIcu9SUA.gif
306318	61	1133x718	6100	0	0	False	False	0	6d4e20700d41	archive/raw/ae191bc6fb8e/images/009-1_Acd0sgShjoe40M-Ust-aKQ.gif
286150	182	1122x890	18200	0	0	False	False	0	039fccc8277f	archive/raw/c64e75468fe6/images/003-1_pMZabsjGnznieY-wjpn8HQ.gif
280560	93	1254x729	24430	0	0	False	False	0	083bc7691440	archive/raw/3648c306b91a/images/010-1_aAOuJZrObHMhZ2aaxhWRuA.gif
257382	48	1836x970	4800	0	0	False	False	0	b12709f0295a	archive/raw/2e432df402c8/images/012-0_066MCiSNqv21zJOS.gif
250400	108	716x505	31460	1	0	False	False	0	07097e69d048	archive/raw/a35ce050f7f7/images/001-1_b4zaYTEIjve8x2-BlaPmNQ.gif
248875	472	756x502	47200	0	0	False	False	0	718f5a700981	archive/raw/81f2eaad5706/images/005-1_cfTo2oa6tJU_UzNMPB_miw.gif
246176	121	1254x729	28970	0	0	False	False	0	eaee33e30f57	archive/raw/3648c306b91a/images/013-1_H6fNVs50mmQcsYlTAE17bg.gif
236132	31	776x367	10020	0	0	False	False	0	f19b42a1c34b	archive/raw/37d6ae621f83/images/g002-4-1-command-palette.gif
231964	248	1600x900	8260	0	0	False	False	0	0cb68bbf5131	archive/raw/8096b8b223d0/images/003-1_BZPRD5veN5Fwm81rCD2ZNQ.gif
226562	655	1198x798	21830	0	0	False	False	0	18d9304bb5d8	archive/raw/914e61716559/images/005-0_G5-dLqkhH5CEvQQv.gif
225996	110	2107x1134	26600	0	0	False	False	0	8981b9580a96	archive/raw/8d7248f522b0/images/001-1_jSQWLvCYoV-L-kp_lTkRKg.gif
199369	59	1026x747	13320	0	0	False	False	0	ee2ef1c30c81	archive/raw/3648c306b91a/images/004-1_8GgXLlEYjGtHNNw_m1VK4A.gif
198028	89	1836x970	8900	0	0	False	False	0	d63d652cd7db	archive/raw/2e432df402c8/images/009-0_Pfa9ASycXFejuZKp.gif
196948	89	1394x933	8900	0	0	False	False	0	b3b3b6936da4	archive/raw/713b5630e457/images/002-1_OPqkYEI78eT1dj5P6WEeXg.gif
165448	30	1000x600	6000	0	0	False	False	0	5fc7a35119ce	archive/raw/fcdf211e30a8/images/009-1_2hHrN4ucrKKv68BJU9hRXQ.gif
163654	364	1268x652	36400	0	0	False	False	0	e4e9f1a790cc	archive/raw/6a2b55d08b70/images/002-1_s6BRdEgITBGOR0y1Ec7GSQ.gif
156495	94	529x424	18310	1	0	False	False	0	5211e82884d4	archive/raw/81f2eaad5706/images/002-1_Pg2WzVZ_SuwUtaQ3ekQ27w.gif
155332	105	932x237	28460	0	0	False	False	0	4c02b3add052	archive/raw/2884a462e724/images/004-1_W8oXVTdQ4na6qbkOSpo88w.gif
154885	161	1250x750	16100	0	0	False	False	0	e8305ba443b6	archive/raw/9d17bcfacb4/images/005-1_efZAtaJQqeirAZoEqbxvdw.gif
146286	26	600x450	2600	0	0	False	False	0	b4cee36d91e0	archive/raw/1ca418c230cd/images/003-1_qaJ2OXcIQc9qeHDhH4ZUyw.gif
143394	70	800x424	7000	0	0	False	False	0	45c68144113a	archive/raw/03e6b78bacc0/images/002-1_yLMypnIGkeKXrR1BfXgvHg.gif
141184	53	1000x600	10600	0	0	False	False	0	36b751510c7d	archive/raw/c4ec5a1bf30b/images/002-0_Mh5cOdG7YWJxrFSw.gif
135892	12	600x450	1200	0	0	False	False	0	65c4041d5b19	archive/raw/1ca418c230cd/images/002-1__GNG9croNBQjsCLGO-riNA.gif
132739	102	1836x970	10200	0	0	False	False	0	dcadf6eaa999	archive/raw/2e432df402c8/images/010-0_dQfGwr6PtuQaSUAb.gif
122815	56	1836x970	5600	0	0	False	False	0	2f9fbe03b891	archive/raw/2e432df402c8/images/006-0_AzW845V1EKlvxO2j.gif
105350	9	600x450	900	0	0	False	False	0	7cdd5993c544	archive/raw/1ca418c230cd/images/004-1_7IYmviNQrZQtsDBcx95-9Q.gif
90628	58	1000x600	11600	0	0	False	False	0	eb108031bf45	archive/raw/fcdf211e30a8/images/011-1_LgaJ9RcNs0YZK7qaySX4NQ.gif
74553	9	308x195	900	0	0	False	False	0	76a66738ff46	archive/raw/596acaab722a/images/001-1_v9JBClFvN4V-YZOQgwNxig.gif
73920	110	745x381	11000	0	0	False	False	0	0a836bf5e151	archive/raw/2e432df402c8/images/005-0_Rw3rs6Cdj5FEfAQf.gif
63953	10	600x450	1000	0	0	False	False	0	736ceb5e17b3	archive/raw/596acaab722a/images/004-1_egrzbBcwyaxm7-793O7uiQ.gif
53412	23	1000x600	4600	0	0	False	False	0	1d48ce540689	archive/raw/fcdf211e30a8/images/010-1_ewhjr2dkosifi7Qky1A83g.gif
37533	5	281x252	1000	0	0	False	False	0	608280e6258d	archive/raw/596acaab722a/images/003-1_3nDwvUQiUfa54OsDPqKNag.gif
23811	4	765x162	6000	0	0	False	False	0	b636dae0ae78	archive/raw/37d6ae621f83/images/g001-4-1-multi-merge.gif
