original_path,medium_id,original_url,new_dir,date,title
/2015/02/13/post0,,https://blog.jupyter.org/2015/02/13/post0,2015-02-13-post0,2015-02-13,Welcome to Jupyter
/2015/02/13/post0,,https://blog.jupyter.org/2015/02/13/post0,2015-02-13-post0,2015-02-13,Welcome to Jupyter
/the-big-split-9d7b88a031a7,9d7b88a031a7,https://blog.jupyter.org/the-big-split-9d7b88a031a7,2015-04-16-the-big-split,2015-04-16,The Big Split™
/2015/04/15/the-big-split,9d7b88a031a7,https://blog.jupyter.org/2015/04/15/the-big-split,2015-04-16-the-big-split,2015-04-16,The Big Split™
/rendering-notebooks-on-github-f7ac8736d686,f7ac8736d686,https://blog.jupyter.org/rendering-notebooks-on-github-f7ac8736d686,2015-05-07-rendering-notebooks-on-github,2015-05-07,Rendering Notebooks on GitHub
/2015/05/07/rendering-notebooks-on-github,f7ac8736d686,https://blog.jupyter.org/2015/05/07/rendering-notebooks-on-github,2015-05-07-rendering-notebooks-on-github,2015-05-07,Rendering Notebooks on GitHub
/ipython-3-2-released-6072cabb82cc,6072cabb82cc,https://blog.jupyter.org/ipython-3-2-released-6072cabb82cc,2015-06-23-ipython-3-2-released,2015-06-23,IPython 3.2 released
/2015/06/22/ipython-3-2-release-security-update,6072cabb82cc,https://blog.jupyter.org/2015/06/22/ipython-3-2-release-security-update,2015-06-23-ipython-3-2-released,2015-06-23,IPython 3.2 released
/project-jupyter-computatio-nalnarratives-as-the-engine-of-collaborative-data-science-2b5fb94c3c58,2b5fb94c3c58,https://blog.jupyter.org/project-jupyter-computatio-nalnarratives-as-the-engine-of-collaborative-data-science-2b5fb94c3c58,2015-07-08-project-jupyter-computatio-nalnarratives-as-the-engine-of-collaborative-data-sci,2015-07-08,Project Jupyter: Computational Narratives as the Engine of Collaborative Data Science
/2015/07/07/project-jupyter-computational-narratives-as-the-engine-of-collaborative-data-science,2b5fb94c3c58,https://blog.jupyter.org/2015/07/07/project-jupyter-computational-narratives-as-the-engine-of-collaborative-data-science,2015-07-08-project-jupyter-computatio-nalnarratives-as-the-engine-of-collaborative-data-sci,2015-07-08,Project Jupyter: Computational Narratives as the Engine of Collaborative Data Science
/new-funding-for-jupyter-12009a836867,12009a836867,https://blog.jupyter.org/new-funding-for-jupyter-12009a836867,2015-07-08-new-funding-for-jupyter,2015-07-08,New funding for Jupyter
/2015/07/07/jupyter-funding-2015,12009a836867,https://blog.jupyter.org/2015/07/07/jupyter-funding-2015,2015-07-08-new-funding-for-jupyter,2015-07-08,New funding for Jupyter
/jupyter-ascending-1bf5b362d97e,1bf5b362d97e,https://blog.jupyter.org/jupyter-ascending-1bf5b362d97e,2015-08-12-jupyter-ascending,2015-08-12,Jupyter Ascending
/2015/08/12/first-release-of-jupyter,1bf5b362d97e,https://blog.jupyter.org/2015/08/12/first-release-of-jupyter,2015-08-12-jupyter-ascending,2015-08-12,Jupyter Ascending
/jupyterday-nyc-333efb100d08,333efb100d08,https://blog.jupyter.org/jupyterday-nyc-333efb100d08,2015-10-19-jupyterday-nyc,2015-10-19,JupyterDay NYC
/2015/10/19/jupyterday-nyc-oct-24-9-5,333efb100d08,https://blog.jupyter.org/2015/10/19/jupyterday-nyc-oct-24-9-5,2015-10-19-jupyterday-nyc,2015-10-19,JupyterDay NYC
/2015/11/19/project-jupyter-is-hiring-two-postdoctoral-fellows-uc-berkeley,,https://blog.jupyter.org/2015/11/19/project-jupyter-is-hiring-two-postdoctoral-fellows-uc-berkeley,2015-11-19-project-jupyter-is-hiring-two-postdoctoral-fellows-uc-berkeley,2015-11-19,Project Jupyter is hiring two postdoctoral fellows @ UC Berkeley
/2015/11/19/project-jupyter-is-hiring-two-postdoctoral-fellows-uc-berkeley,,https://blog.jupyter.org/2015/11/19/project-jupyter-is-hiring-two-postdoctoral-fellows-uc-berkeley,2015-11-19-project-jupyter-is-hiring-two-postdoctoral-fellows-uc-berkeley,2015-11-19,Project Jupyter is hiring two postdoctoral fellows @ UC Berkeley
/2015/12/14/jupyterday-chicago-2016,,https://blog.jupyter.org/2015/12/14/jupyterday-chicago-2016,2015-12-14-jupyterday-chicago-2016,2015-12-14,JupyterDay Chicago 2016
/2015/12/14/jupyterday-chicago-2016,,https://blog.jupyter.org/2015/12/14/jupyterday-chicago-2016,2015-12-14-jupyterday-chicago-2016,2015-12-14,JupyterDay Chicago 2016
/2015/12/15/continuum-analytics-gift,,https://blog.jupyter.org/2015/12/15/continuum-analytics-gift,2015-12-15-continuum-analytics-gift,2015-12-15,Continuum Analytics donates $100k to Project Jupyter
/2015/12/15/continuum-analytics-gift,,https://blog.jupyter.org/2015/12/15/continuum-analytics-gift,2015-12-15-continuum-analytics-gift,2015-12-15,Continuum Analytics donates $100k to Project Jupyter
/2015/12/22/jupyter-notebook-user-experience-survey,,https://blog.jupyter.org/2015/12/22/jupyter-notebook-user-experience-survey,2015-12-22-jupyter-notebook-user-experience-survey,2015-12-22,Jupyter Notebook User Experience Survey
/2015/12/22/jupyter-notebook-user-experience-survey,,https://blog.jupyter.org/2015/12/22/jupyter-notebook-user-experience-survey,2015-12-22-jupyter-notebook-user-experience-survey,2015-12-22,Jupyter Notebook User Experience Survey
/2015/12/22/hiring-project-manager,,https://blog.jupyter.org/2015/12/22/hiring-project-manager,2015-12-22-hiring-project-manager,2015-12-22,We are hiring a Project Manager at UC Berkeley
/2015/12/22/hiring-project-manager,,https://blog.jupyter.org/2015/12/22/hiring-project-manager,2015-12-22-hiring-project-manager,2015-12-22,We are hiring a Project Manager at UC Berkeley
/notebook-4-1-release-37d6ae621f83,37d6ae621f83,https://blog.jupyter.org/notebook-4-1-release-37d6ae621f83,2016-01-08-notebook-4-1-release,2016-01-08,Notebook 4.1 release
/2016/01/08/notebook-4-1-release,37d6ae621f83,https://blog.jupyter.org/2016/01/08/notebook-4-1-release,2016-01-08-notebook-4-1-release,2016-01-08,Notebook 4.1 release
/jupyterdays-boston-2016-80816ab9954f,80816ab9954f,https://blog.jupyter.org/jupyterdays-boston-2016-80816ab9954f,2016-02-17-jupyterdays-boston-2016,2016-02-17,JupyterDays Boston 2016
/2016/02/16/jupyterdays-boston-2016,80816ab9954f,https://blog.jupyter.org/2016/02/16/jupyterdays-boston-2016,2016-02-17-jupyterdays-boston-2016,2016-02-17,JupyterDays Boston 2016
/2016/02/29/jdboston16-speaker-announcement,,https://blog.jupyter.org/2016/02/29/jdboston16-speaker-announcement,2016-02-29-jdboston16-speaker-announcement,2016-02-29,"Speakers for JupyterDays Boston, March 17-18"
/2016/02/29/jdboston16-speaker-announcement,,https://blog.jupyter.org/2016/02/29/jdboston16-speaker-announcement,2016-02-29-jdboston16-speaker-announcement,2016-02-29,"Speakers for JupyterDays Boston, March 17-18"
/2016/03/09/jupyter-kernel-gateway,,https://blog.jupyter.org/2016/03/09/jupyter-kernel-gateway,2016-03-09-jupyter-kernel-gateway,2016-03-09,Jupyter Kernel Gateway
/2016/03/09/jupyter-kernel-gateway,,https://blog.jupyter.org/2016/03/09/jupyter-kernel-gateway,2016-03-09-jupyter-kernel-gateway,2016-03-09,Jupyter Kernel Gateway
/2016/04/15/notebook-4-2,,https://blog.jupyter.org/2016/04/15/notebook-4-2,2016-04-15-notebook-4-2,2016-04-15,Notebook 4.2
/2016/04/15/notebook-4-2,,https://blog.jupyter.org/2016/04/15/notebook-4-2,2016-04-15-notebook-4-2,2016-04-15,Notebook 4.2
/ipywidgets-5-0-895e98da83a,895e98da83a,https://blog.jupyter.org/ipywidgets-5-0-895e98da83a,2016-04-23-ipywidgets-5-0,2016-04-23,ipywidgets 5.0
/2016/04/22/ipywidgets5,895e98da83a,https://blog.jupyter.org/2016/04/22/ipywidgets5,2016-04-23-ipywidgets-5-0,2016-04-23,ipywidgets 5.0
/release-of-ipython-5-0-8ce60b8d2e8e,8ce60b8d2e8e,https://blog.jupyter.org/release-of-ipython-5-0-8ce60b8d2e8e,2016-07-08-release-of-ipython-5-0,2016-07-08,Release of IPython 5.0
/2016/07/08/ipython-5-0-released,8ce60b8d2e8e,https://blog.jupyter.org/2016/07/08/ipython-5-0-released,2016-07-08-release-of-ipython-5-0,2016-07-08,Release of IPython 5.0
/jupyterlab-the-next-generation-of-the-jupyter-notebook-5c949dabea3,5c949dabea3,https://blog.jupyter.org/jupyterlab-the-next-generation-of-the-jupyter-notebook-5c949dabea3,2016-07-15-jupyterlab-the-next-generation-of-the-jupyter-notebook,2016-07-15,JupyterLab: the next generation of the Jupyter Notebook
/2016/07/14/jupyter-lab-alpha,5c949dabea3,https://blog.jupyter.org/2016/07/14/jupyter-lab-alpha,2016-07-15-jupyterlab-the-next-generation-of-the-jupyter-notebook,2016-07-15,JupyterLab: the next generation of the Jupyter Notebook
/jupyterday-atlanta-2016-69d78bbdd7af,69d78bbdd7af,https://blog.jupyter.org/jupyterday-atlanta-2016-69d78bbdd7af,2016-07-28-jupyterday-atlanta-2016,2016-07-28,JupyterDay Atlanta 2016
/2016/07/28/jupyterday-atlanta,69d78bbdd7af,https://blog.jupyter.org/2016/07/28/jupyterday-atlanta,2016-07-28-jupyterday-atlanta-2016,2016-07-28,JupyterDay Atlanta 2016
/2016/08/03/security-fix-notebook-4-2-2,,https://blog.jupyter.org/2016/08/03/security-fix-notebook-4-2-2,2016-08-03-security-fix-notebook-4-2-2,2016-08-03,Notebook 4.2.2: Security fix
/2016/08/03/security-fix-notebook-4-2-2,,https://blog.jupyter.org/2016/08/03/security-fix-notebook-4-2-2,2016-08-03-security-fix-notebook-4-2-2,2016-08-03,Notebook 4.2.2: Security fix
/jupyterday-hawaii-2016-da8569d52e12,da8569d52e12,https://blog.jupyter.org/jupyterday-hawaii-2016-da8569d52e12,2016-09-26-jupyterday-hawaii-2016,2016-09-26,JupyterDay Hawaii 2016
/2016/09/26/jupyterday-hawaii-2016,da8569d52e12,https://blog.jupyter.org/2016/09/26/jupyterday-hawaii-2016,2016-09-26-jupyterday-hawaii-2016,2016-09-26,JupyterDay Hawaii 2016
/2016/09/26/ipywidget-security-release,,https://blog.jupyter.org/2016/09/26/ipywidget-security-release,2016-09-26-ipywidget-security-release,2016-09-26,ipywidget security release
/2016/09/26/ipywidget-security-release,,https://blog.jupyter.org/2016/09/26/ipywidget-security-release,2016-09-26-ipywidget-security-release,2016-09-26,ipywidget security release
/jupyterday-paris-4afa5e97cb1a,4afa5e97cb1a,https://blog.jupyter.org/jupyterday-paris-4afa5e97cb1a,2016-12-03-jupyterday-paris,2016-12-03,JupyterDay Paris
/2016/12/03/jupyterday-paris,4afa5e97cb1a,https://blog.jupyter.org/2016/12/03/jupyterday-paris,2016-12-03-jupyterday-paris,2016-12-03,JupyterDay Paris
/security-release-jupyter-notebook-4-3-1-808e1f3bb5e2,808e1f3bb5e2,https://blog.jupyter.org/security-release-jupyter-notebook-4-3-1-808e1f3bb5e2,2016-12-22-security-release-jupyter-notebook-4-3-1,2016-12-22,Security release: Jupyter Notebook 4.3.1
/2016/12/21/jupyter-notebook-4-3-1,808e1f3bb5e2,https://blog.jupyter.org/2016/12/21/jupyter-notebook-4-3-1,2016-12-22-security-release-jupyter-notebook-4-3-1,2016-12-22,Security release: Jupyter Notebook 4.3.1
/jupytercon-nyc-august-2017-8e21f649d83e,8e21f649d83e,https://blog.jupyter.org/jupytercon-nyc-august-2017-8e21f649d83e,2017-01-27-jupytercon-nyc-august-2017,2017-01-27,"JupyterCon NYC, August 2017"
/2017/01/26/jupytercon-2017,8e21f649d83e,https://blog.jupyter.org/2017/01/26/jupytercon-2017,2017-01-27-jupytercon-nyc-august-2017,2017-01-27,"JupyterCon NYC, August 2017"
/openness-diversity-and-dignity-a-foundation-for-global-collaboration-f7c71fba523,f7c71fba523,https://blog.jupyter.org/openness-diversity-and-dignity-a-foundation-for-global-collaboration-f7c71fba523,2017-01-31-openness-diversity-and-dignity-a-foundation-for-global-collaboration,2017-01-31,"Openness, Diversity and Dignity: a Foundation for Global Collaboration"
/2017/01/31/openness-diversity-and-dignity,f7c71fba523,https://blog.jupyter.org/2017/01/31/openness-diversity-and-dignity,2017-01-31-openness-diversity-and-dignity-a-foundation-for-global-collaboration,2017-01-31,"Openness, Diversity and Dignity: a Foundation for Global Collaboration"
/the-continued-existence-of-the-emacs-ipython-notebook-54bd1c371d57,54bd1c371d57,https://blog.jupyter.org/the-continued-existence-of-the-emacs-ipython-notebook-54bd1c371d57,2017-02-23-the-continued-existence-of-the-emacs-ipython-notebook,2017-02-23,The Continued Existence of the Emacs IPython Notebook
/2017/02/23/the-continued-existence-of-the-emacs-ipython-notebook,54bd1c371d57,https://blog.jupyter.org/2017/02/23/the-continued-existence-of-the-emacs-ipython-notebook,2017-02-23-the-continued-existence-of-the-emacs-ipython-notebook,2017-02-23,The Continued Existence of the Emacs IPython Notebook
/nbviewer-and-githubs-rate-limit-e5f544bf81b6,e5f544bf81b6,https://blog.jupyter.org/nbviewer-and-githubs-rate-limit-e5f544bf81b6,2017-03-01-nbviewer-and-githubs-rate-limit,2017-03-01,nbviewer and GitHub’s rate limit
/2017/03/01/nbviewer-and-githubs-rate-limit,e5f544bf81b6,https://blog.jupyter.org/2017/03/01/nbviewer-and-githubs-rate-limit,2017-03-01-nbviewer-and-githubs-rate-limit,2017-03-01,nbviewer and GitHub’s rate limit
/2017/03/01/ipywidgets-6-release,,https://blog.jupyter.org/2017/03/01/ipywidgets-6-release,2017-03-01-ipywidgets-6-release,2017-03-01,Release of ipywidgets 6.0
/2017/03/01/ipywidgets-6-release,,https://blog.jupyter.org/2017/03/01/ipywidgets-6-release,2017-03-01-ipywidgets-6-release,2017-03-01,Release of ipywidgets 6.0
/ibm-brings-jupyter-and-spark-to-the-mainframe-74bec140245f,74bec140245f,https://blog.jupyter.org/ibm-brings-jupyter-and-spark-to-the-mainframe-74bec140245f,2017-03-30-ibm-brings-jupyter-and-spark-to-the-mainframe,2017-03-30,IBM Brings Jupyter and Spark to the Mainframe
/2017/03/30/ibm-brings-jupyter-and-spark-to-the-mainframe,74bec140245f,https://blog.jupyter.org/2017/03/30/ibm-brings-jupyter-and-spark-to-the-mainframe,2017-03-30-ibm-brings-jupyter-and-spark-to-the-mainframe,2017-03-30,IBM Brings Jupyter and Spark to the Mainframe
/jupyter-notebook-5-0-909c6c172d78,909c6c172d78,https://blog.jupyter.org/jupyter-notebook-5-0-909c6c172d78,2017-04-04-jupyter-notebook-5-0,2017-04-04,Jupyter Notebook 5.0
/2017/04/04/jupyter-notebook-5-0,909c6c172d78,https://blog.jupyter.org/2017/04/04/jupyter-notebook-5-0,2017-04-04-jupyter-notebook-5-0,2017-04-04,Jupyter Notebook 5.0
/2017/04/19/release-of-ipython-6-0,,https://blog.jupyter.org/2017/04/19/release-of-ipython-6-0,2017-04-19-release-of-ipython-6-0,2017-04-19,Release of IPython 6.0
/2017/04/19/release-of-ipython-6-0,,https://blog.jupyter.org/2017/04/19/release-of-ipython-6-0,2017-04-19-release-of-ipython-6-0,2017-04-19,Release of IPython 6.0
/2017/05/31/release-of-ipython-5-4-6-1-and-rlipython-2,,https://blog.jupyter.org/2017/05/31/release-of-ipython-5-4-6-1-and-rlipython-2,2017-05-31-release-of-ipython-5-4-6-1-and-rlipython-2,2017-05-31,"Release of IPython 5.4, 6.1, and rlipython."
/2017/05/31/release-of-ipython-5-4-6-1-and-rlipython-2,,https://blog.jupyter.org/2017/05/31/release-of-ipython-5-4-6-1-and-rlipython-2,2017-05-31-release-of-ipython-5-4-6-1-and-rlipython-2,2017-05-31,"Release of IPython 5.4, 6.1, and rlipython."
/introducing-the-helm-chart-for-jupyterhub-deployment-with-kubernetes-b79bfd18566d,b79bfd18566d,https://blog.jupyter.org/introducing-the-helm-chart-for-jupyterhub-deployment-with-kubernetes-b79bfd18566d,2017-06-29-introducing-the-helm-chart-for-jupyterhub-deployment-with-kubernetes,2017-06-29,Introducing the Helm Chart for JupyterHub Deployment with Kubernetes
/2017/06/29/introducing-the-helm-chart-for-jupyterhub-deployment-with-kubernetes,b79bfd18566d,https://blog.jupyter.org/2017/06/29/introducing-the-helm-chart-for-jupyterhub-deployment-with-kubernetes,2017-06-29-introducing-the-helm-chart-for-jupyterhub-deployment-with-kubernetes,2017-06-29,Introducing the Helm Chart for JupyterHub Deployment with Kubernetes
/jupytercon-nyc-august-22nd-25th-565dc4129835,565dc4129835,https://blog.jupyter.org/jupytercon-nyc-august-22nd-25th-565dc4129835,2017-07-14-jupytercon-nyc-august-22nd-25th,2017-07-14,JupyterCon NYC: August 22nd-25th
/2017/07/14/jupytercon-nyc-august-22nd-25th,565dc4129835,https://blog.jupyter.org/2017/07/14/jupytercon-nyc-august-22nd-25th,2017-07-14-jupytercon-nyc-august-22nd-25th,2017-07-14,JupyterCon NYC: August 22nd-25th
/jupyter-notebook-5-1-0-ddc8b0d6e989,ddc8b0d6e989,https://blog.jupyter.org/jupyter-notebook-5-1-0-ddc8b0d6e989,2017-09-15-jupyter-notebook-5-1-0,2017-09-15,Jupyter Notebook 5.1.0
/release-of-ipython-5-5-and-6-2-158537648393,158537648393,https://blog.jupyter.org/release-of-ipython-5-5-and-6-2-158537648393,2017-09-15-release-of-ipython-5-5-and-6-2,2017-09-15,Release of IPython 5.5 and 6.2
/jupyterhub-0-8-19b00b75e3df,19b00b75e3df,https://blog.jupyter.org/jupyterhub-0-8-19b00b75e3df,2017-10-03-jupyterhub-0-8,2017-10-03,JupyterHub 0.8
/jupyter-notebook-5-2-0-9c5b3ea672f,9c5b3ea672f,https://blog.jupyter.org/jupyter-notebook-5-2-0-9c5b3ea672f,2017-10-13-jupyter-notebook-5-2-0,2017-10-13,Jupyter Notebook 5.2.0
/congratulations-to-the-ligo-and-virgo-collaborations-from-project-jupyter-5923247be019,5923247be019,https://blog.jupyter.org/congratulations-to-the-ligo-and-virgo-collaborations-from-project-jupyter-5923247be019,2017-11-13-congratulations-to-the-ligo-and-virgo-collaborations-from-project-jupyter,2017-11-13,Congratulations to the LIGO and VIRGO Collaborations from Project Jupyter
/enjoy-jupytercon-2017-on-youtube-670e5ee606a8,670e5ee606a8,https://blog.jupyter.org/enjoy-jupytercon-2017-on-youtube-670e5ee606a8,2017-11-24-enjoy-jupytercon-2017-on-youtube,2017-11-24,Enjoy JupyterCon 2017 on YouTube
/public-notebooks-and-security-3058c433c884,3058c433c884,https://blog.jupyter.org/public-notebooks-and-security-3058c433c884,2017-11-28-public-notebooks-and-security,2017-11-28,Public Notebooks and Security
/interactive-workflows-for-c-with-jupyter-fe9b54227d92,fe9b54227d92,https://blog.jupyter.org/interactive-workflows-for-c-with-jupyter-fe9b54227d92,2017-11-29-interactive-workflows-for-c-with-jupyter,2017-11-29,Interactive Workflows for C++ with Jupyter
/binder-2-0-a-tech-guide-2017-fd40515a3a84,fd40515a3a84,https://blog.jupyter.org/binder-2-0-a-tech-guide-2017-fd40515a3a84,2017-11-30-binder-2-0-a-tech-guide-2017,2017-11-30,"Binder 2.0, a Tech Guide"
/incident-report-jupyter-services-down-f5b3888fa5c2,f5b3888fa5c2,https://blog.jupyter.org/incident-report-jupyter-services-down-f5b3888fa5c2,2017-12-14-incident-report-jupyter-services-down,2017-12-14,Incident Report: Jupyter services down
/announcing-the-jupyterhub-helm-chart-v0-5-fa532bb8519d,fa532bb8519d,https://blog.jupyter.org/announcing-the-jupyterhub-helm-chart-v0-5-fa532bb8519d,2017-12-20-announcing-the-jupyterhub-helm-chart-v0-5,2017-12-20,Announcing the JupyterHub Helm Chart v0.5
/jupyter-notebook-5-3-0-f2b08652279d,f2b08652279d,https://blog.jupyter.org/jupyter-notebook-5-3-0-f2b08652279d,2018-01-17-jupyter-notebook-5-3-0,2018-01-17,Jupyter Notebook 5.3.0
/jupytercon-2018-call-for-proposal-87986014ee0b,87986014ee0b,https://blog.jupyter.org/jupytercon-2018-call-for-proposal-87986014ee0b,2018-01-18-jupytercon-2018-call-for-proposal,2018-01-18,JupyterCon 2018: Call For Proposal
/announcing-jupyter-day-atlanta-spring-2018-d68ebee2c6cb,d68ebee2c6cb,https://blog.jupyter.org/announcing-jupyter-day-atlanta-spring-2018-d68ebee2c6cb,2018-02-06-announcing-jupyter-day-atlanta-spring-2018,2018-02-06,The Atlanta Jupyter User Group is excited to announce Early Bird Tickets and the Call for Proposals…
/jupyter-pop-up-march-21-boston-b736d842fa8f,b736d842fa8f,https://blog.jupyter.org/jupyter-pop-up-march-21-boston-b736d842fa8f,2018-02-09-jupyter-pop-up-march-21-boston,2018-02-09,"Jupyter Pop-Up, March 21, Boston"
/security-fix-for-jupyterhub-gitlab-oauthenticator-7b14571d1f76,7b14571d1f76,https://blog.jupyter.org/security-fix-for-jupyterhub-gitlab-oauthenticator-7b14571d1f76,2018-02-16-security-fix-for-jupyterhub-gitlab-oauthenticator,2018-02-16,Security fix for JupyterHub GitLab OAuthenticator Group Whitelists
/jupyterlab-is-ready-for-users-5a6f039b8906,5a6f039b8906,https://blog.jupyter.org/jupyterlab-is-ready-for-users-5a6f039b8906,2018-02-20-jupyterlab-is-ready-for-users,2018-02-20,JupyterLab is Ready for Users
/a-diagram-editor-for-jupyterlab-a254121ff919,a254121ff919,https://blog.jupyter.org/a-diagram-editor-for-jupyterlab-a254121ff919,2018-02-26-a-diagram-editor-for-jupyterlab,2018-02-26,A Diagram Editor for JupyterLab
/authoring-custom-jupyter-widgets-2884a462e724,2884a462e724,https://blog.jupyter.org/authoring-custom-jupyter-widgets-2884a462e724,2018-03-05-authoring-custom-jupyter-widgets,2018-03-05,Authoring Custom Jupyter Widgets
/reproducible-data-dependencies-for-python-guest-post-d0f68293a99,d0f68293a99,https://blog.jupyter.org/reproducible-data-dependencies-for-python-guest-post-d0f68293a99,2018-03-13-reproducible-data-dependencies-for-python-guest-post,2018-03-13,Reproducible Data Dependencies for Python [Guest Post]
/jupytercon-2018-nyc-august-21-25-5571d7454d5b,5571d7454d5b,https://blog.jupyter.org/jupytercon-2018-nyc-august-21-25-5571d7454d5b,2018-03-15-jupytercon-2018-nyc-august-21-25,2018-03-15,"JupyterCon 2018, NYC August 21–25"
/we-analyzed-1-million-jupyter-notebooks-now-you-can-too-guest-post-8116a964b536,8116a964b536,https://blog.jupyter.org/we-analyzed-1-million-jupyter-notebooks-now-you-can-too-guest-post-8116a964b536,2018-03-23-we-analyzed-1-million-jupyter-notebooks-now-you-can-too-guest-post,2018-03-23,We Analyzed 1 Million Jupyter Notebooks — Now You Can Too [Guest Post]
/jupytercon-2018-registration-open-3b52abba9cce,3b52abba9cce,https://blog.jupyter.org/jupytercon-2018-registration-open-3b52abba9cce,2018-04-11-jupytercon-2018-registration-open,2018-04-11,JupyterCon 2018: Registration Open
/interpreted-c-for-gis-with-jupyter-ae191bc6fb8e,ae191bc6fb8e,https://blog.jupyter.org/interpreted-c-for-gis-with-jupyter-ae191bc6fb8e,2018-04-24-interpreted-c-for-gis-with-jupyter,2018-04-24,Interpreted C++ for GIS with Jupyter
/jupyter-receives-the-acm-software-system-award-d433b0dfe3a2,d433b0dfe3a2,https://blog.jupyter.org/jupyter-receives-the-acm-software-system-award-d433b0dfe3a2,2018-05-02-jupyter-receives-the-acm-software-system-award,2018-05-02,Jupyter receives the ACM Software System Award
/jupyter-notebook-5-5-0-17b2e2d4f7f,17b2e2d4f7f,https://blog.jupyter.org/jupyter-notebook-5-5-0-17b2e2d4f7f,2018-05-25-jupyter-notebook-5-5-0,2018-05-25,Jupyter Notebook 5.5.0
/i-python-you-r-we-julia-baf064ca1fb6,baf064ca1fb6,https://blog.jupyter.org/i-python-you-r-we-julia-baf064ca1fb6,2018-05-29-i-python-you-r-we-julia,2018-05-29,"I Python, You R, We Julia"
/jupyterhub-0-9-54d43bd08a08,54d43bd08a08,https://blog.jupyter.org/jupyterhub-0-9-54d43bd08a08,2018-06-18-jupyterhub-0-9,2018-06-18,JupyterHub 0.9
/jupyter-community-workshops-cbd34ac82549,cbd34ac82549,https://blog.jupyter.org/jupyter-community-workshops-cbd34ac82549,2018-07-11-jupyter-community-workshops,2018-07-11,Jupyter Community Workshops
/security-fix-for-jupyter-notebook-450f272b6932,450f272b6932,https://blog.jupyter.org/security-fix-for-jupyter-notebook-450f272b6932,2018-07-18-security-fix-for-jupyter-notebook,2018-07-18,Security fix for Jupyter Notebook
/deadline-extension-jupyter-community-workshops-9ff760d4e66c,9ff760d4e66c,https://blog.jupyter.org/deadline-extension-jupyter-community-workshops-9ff760d4e66c,2018-07-31-deadline-extension-jupyter-community-workshops,2018-07-31,Deadline Extension: Jupyter Community Workshops
/synopsis-jupytercon-2018-education-track-6f9b3f4d8dd9,6f9b3f4d8dd9,https://blog.jupyter.org/synopsis-jupytercon-2018-education-track-6f9b3f4d8dd9,2018-08-22-synopsis-jupytercon-2018-education-track,2018-08-22,Synopsis: JupyterCon 2018 Education Track
/introducing-jupyter-enterprise-gateway-db4859f86762,db4859f86762,https://blog.jupyter.org/introducing-jupyter-enterprise-gateway-db4859f86762,2018-09-17-introducing-jupyter-enterprise-gateway,2018-09-17,Introducing Jupyter Enterprise Gateway
/jupyter-qtconsole-4-4-81f2eaad5706,81f2eaad5706,https://blog.jupyter.org/jupyter-qtconsole-4-4-81f2eaad5706,2018-09-18-jupyter-qtconsole-4-4,2018-09-18,Jupyter QtConsole 4.4
/ipython-7-0-async-repl-a35ce050f7f7,a35ce050f7f7,https://blog.jupyter.org/ipython-7-0-async-repl-a35ce050f7f7,2018-09-27-ipython-7-0-async-repl,2018-09-27,"IPython 7.0, Async REPL"
/jupyterday-in-the-triangle-913591d31d81,913591d31d81,https://blog.jupyter.org/jupyterday-in-the-triangle-913591d31d81,2018-10-04-jupyterday-in-the-triangle,2018-10-04,JupyterDay in the Triangle
/how-to-deploy-jupyterhub-with-kubernetes-on-openstack-f8f6120d4b1,f8f6120d4b1,https://blog.jupyter.org/how-to-deploy-jupyterhub-with-kubernetes-on-openstack-f8f6120d4b1,2018-10-15-how-to-deploy-jupyterhub-with-kubernetes-on-openstack,2018-10-15,Deploying JupyterHub with Kubernetes on OpenStack
/on-demand-notebooks-with-jupyterhub-jupyter-enterprise-gateway-and-kubernetes-e8e423695cbf,e8e423695cbf,https://blog.jupyter.org/on-demand-notebooks-with-jupyterhub-jupyter-enterprise-gateway-and-kubernetes-e8e423695cbf,2018-10-16-on-demand-notebooks-with-jupyterhub-jupyter-enterprise-gateway-and-kubernetes,2018-10-16,"On-demand Notebooks with JupyterHub, Jupyter Enterprise Gateway and Kubernetes"
/disc-sprint-nyc-2018-548780d0f40,548780d0f40,https://blog.jupyter.org/disc-sprint-nyc-2018-548780d0f40,2018-10-22-disc-sprint-nyc-2018,2018-10-22,Contribute to your first open source project
/mybinder-org-serves-two-million-launches-7543ae498a2a,7543ae498a2a,https://blog.jupyter.org/mybinder-org-serves-two-million-launches-7543ae498a2a,2018-11-13-mybinder-org-serves-two-million-launches,2018-11-13,MyBinder.org serves two million launches
/jupyter-community-workshops-call-for-proposals-26a8417e5b6a,26a8417e5b6a,https://blog.jupyter.org/jupyter-community-workshops-call-for-proposals-26a8417e5b6a,2018-11-14-jupyter-community-workshops-call-for-proposals,2018-11-14,Jupyter Community Workshops: Call for Proposals
/jupyter-notebook-security-fixes-59817e86a711,59817e86a711,https://blog.jupyter.org/jupyter-notebook-security-fixes-59817e86a711,2018-11-19-jupyter-notebook-security-fixes,2018-11-19,Jupyter Notebook security fixes
/outreachy-jupyter-supporting-diversity-in-open-communities-dfa78db4b0bd,dfa78db4b0bd,https://blog.jupyter.org/outreachy-jupyter-supporting-diversity-in-open-communities-dfa78db4b0bd,2018-11-28-outreachy-jupyter-supporting-diversity-in-open-communities,2018-11-28,Outreachy & Jupyter: Supporting diversity in open communities
/jupyter-hackathon-series-in-hawaii-97b3d1fbce68,97b3d1fbce68,https://blog.jupyter.org/jupyter-hackathon-series-in-hawaii-97b3d1fbce68,2018-12-06-jupyter-hackathon-series-in-hawaii,2018-12-06,Jupyter Hackathon Series in Hawaii
/elife-sprint-integrating-stencila-and-binder-18834e9ad584,18834e9ad584,https://blog.jupyter.org/elife-sprint-integrating-stencila-and-binder-18834e9ad584,2018-12-10-elife-sprint-integrating-stencila-and-binder,2018-12-10,elife sprint: Integrating Stencila and Binder
/the-future-of-jupytercon-2019-and-beyond-9e3002faaf48,9e3002faaf48,https://blog.jupyter.org/the-future-of-jupytercon-2019-and-beyond-9e3002faaf48,2018-12-12-the-future-of-jupytercon-2019-and-beyond,2018-12-12,"The Future of JupyterCon, 2019 and Beyond"
/introducing-repo2docker-61a593c0752d,61a593c0752d,https://blog.jupyter.org/introducing-repo2docker-61a593c0752d,2018-12-14-introducing-repo2docker,2018-12-14,Introducing repo2docker
/teaching-and-learning-with-jupyter-c1d965f7b93a,c1d965f7b93a,https://blog.jupyter.org/teaching-and-learning-with-jupyter-c1d965f7b93a,2019-01-07-teaching-and-learning-with-jupyter,2019-01-07,Teaching and Learning with Jupyter
/a-new-python-kernel-for-jupyter-fcdf211e30a8,fcdf211e30a8,https://blog.jupyter.org/a-new-python-kernel-for-jupyter-fcdf211e30a8,2019-01-09-a-new-python-kernel-for-jupyter,2019-01-09,A new Python kernel for Jupyter
/jupyter-community-workshops-a7f1dca1735e,a7f1dca1735e,https://blog.jupyter.org/jupyter-community-workshops-a7f1dca1735e,2019-01-15-jupyter-community-workshops,2019-01-15,Jupyter Community Workshops
/jupyter-notebooks-for-post-election-audits-4bdd13d3e800,4bdd13d3e800,https://blog.jupyter.org/jupyter-notebooks-for-post-election-audits-4bdd13d3e800,2019-01-22-jupyter-notebooks-for-post-election-audits,2019-01-22,Jupyter notebooks for post-election audits
/jupyter-community-workshop-jupyter-for-scientific-user-facilities-and-high-performance-computing-3afa4a990086,3afa4a990086,https://blog.jupyter.org/jupyter-community-workshop-jupyter-for-scientific-user-facilities-and-high-performance-computing-3afa4a990086,2019-01-29-jupyter-community-workshop-jupyter-for-scientific-user-facilities-and-high-perfo,2019-01-29,Jupyter Community Workshop: Jupyter for Scientific User Facilities and High-Performance Computing
/jupyter-conference-advisory-committee-9c096d308552,9c096d308552,https://blog.jupyter.org/jupyter-conference-advisory-committee-9c096d308552,2019-02-11-jupyter-conference-advisory-committee,2019-02-11,Jupyter Conference Advisory Committee
/jupyter-community-workshop-dashboarding-with-project-jupyter-b0e421bdf164,b0e421bdf164,https://blog.jupyter.org/jupyter-community-workshop-dashboarding-with-project-jupyter-b0e421bdf164,2019-02-19-jupyter-community-workshop-dashboarding-with-project-jupyter,2019-02-19,Jupyter Community Workshop: Dashboarding with Project Jupyter
/zero-to-jupyterhub-helm-chart-0-8-b99e0a79fd2a,b99e0a79fd2a,https://blog.jupyter.org/zero-to-jupyterhub-helm-chart-0-8-b99e0a79fd2a,2019-02-21-zero-to-jupyterhub-helm-chart-0-8,2019-02-21,Zero to JupyterHub helm chart 0.8
/simpler-authentication-for-small-scale-jupyterhubs-with-nativeauthenticator-999534c77a09,999534c77a09,https://blog.jupyter.org/simpler-authentication-for-small-scale-jupyterhubs-with-nativeauthenticator-999534c77a09,2019-02-26-simpler-authentication-for-small-scale-jupyterhubs-with-nativeauthenticator,2019-02-26,Simpler authentication for small scale JupyterHubs with NativeAuthenticator
/introducing-traefikproxy-a-new-jupyterhub-proxy-based-on-traefik-4839e972faf6,4839e972faf6,https://blog.jupyter.org/introducing-traefikproxy-a-new-jupyterhub-proxy-based-on-traefik-4839e972faf6,2019-03-06-introducing-traefikproxy-a-new-jupyterhub-proxy-based-on-traefik,2019-03-06,Introducing TraefikProxy — a scalable and highly available proxy for JupyterHub
/jupyter-notebook-xssi-security-fix-546cd95babb0,546cd95babb0,https://blog.jupyter.org/jupyter-notebook-xssi-security-fix-546cd95babb0,2019-03-09-jupyter-notebook-xssi-security-fix,2019-03-09,Jupyter notebook XSSI security fix
/open-redirect-vulnerability-in-jupyter-jupyterhub-adf43583f1e4,adf43583f1e4,https://blog.jupyter.org/open-redirect-vulnerability-in-jupyter-jupyterhub-adf43583f1e4,2019-03-28-open-redirect-vulnerability-in-jupyter-jupyterhub,2019-03-28,"Open Redirect Vulnerability in Jupyter notebook, JupyterHub"
/kellie-ottoboni-receives-award-for-post-election-auditing-notebook-96e7277863d1,96e7277863d1,https://blog.jupyter.org/kellie-ottoboni-receives-award-for-post-election-auditing-notebook-96e7277863d1,2019-04-02-kellie-ottoboni-receives-award-for-post-election-auditing-notebook,2019-04-02,Kellie Ottoboni Receives Award for Post-Election Auditing Notebook
/jupyter-community-workshop-building-upon-the-jupyter-kernel-protocol-2409409ed7ec,2409409ed7ec,https://blog.jupyter.org/jupyter-community-workshop-building-upon-the-jupyter-kernel-protocol-2409409ed7ec,2019-04-04-jupyter-community-workshop-building-upon-the-jupyter-kernel-protocol,2019-04-04,Jupyter Community Workshop: Building upon the Jupyter Kernel Protocol
/devops-intelligence-3ff48a76b525,3ff48a76b525,https://blog.jupyter.org/devops-intelligence-3ff48a76b525,2019-04-06-devops-intelligence,2019-04-06,DevOps Intelligence
/ros-jupyter-b7e82b5e1202,b7e82b5e1202,https://blog.jupyter.org/ros-jupyter-b7e82b5e1202,2019-04-07-ros-jupyter,2019-04-07,ROS @ Jupyter
/binderhub-is-out-of-beta-fa2781a229d6,fa2781a229d6,https://blog.jupyter.org/binderhub-is-out-of-beta-fa2781a229d6,2019-04-26-binderhub-is-out-of-beta,2019-04-26,BinderHub is out of Beta!
/jupyter-community-workshop-jupyter-server-design-and-roadmap-workshop-6e6760cc5098,6e6760cc5098,https://blog.jupyter.org/jupyter-community-workshop-jupyter-server-design-and-roadmap-workshop-6e6760cc5098,2019-04-30-jupyter-community-workshop-jupyter-server-design-and-roadmap-workshop,2019-04-30,Jupyter Community Workshop: Jupyter Server Design and Roadmap Workshop
/announcing-jupyterhub-1-0-8fff78acad7f,8fff78acad7f,https://blog.jupyter.org/announcing-jupyterhub-1-0-8fff78acad7f,2019-05-04-announcing-jupyterhub-1-0,2019-05-04,Announcing JupyterHub 1.0
/https-blog-jupyter-org-university-of-edinburgh-jupyter-community-nbgrader-hackathon-2eff14df298a,2eff14df298a,https://blog.jupyter.org/https-blog-jupyter-org-university-of-edinburgh-jupyter-community-nbgrader-hackathon-2eff14df298a,2019-05-22-https-blog-jupyter-org-university-of-edinburgh-jupyter-community-nbgrader-hackat,2019-05-22,University of Edinburgh Jupyter Community nbgrader Hackathon
/jupyter-community-workshop-south-america-d8e482652952,d8e482652952,https://blog.jupyter.org/jupyter-community-workshop-south-america-d8e482652952,2019-05-28-jupyter-community-workshop-south-america,2019-05-28,Jupyter Community Workshop: South America
/integrating-output-in-documentation-with-jupyter-sphinx-ecf569ddab85,ecf569ddab85,https://blog.jupyter.org/integrating-output-in-documentation-with-jupyter-sphinx-ecf569ddab85,2019-05-30-integrating-output-in-documentation-with-jupyter-sphinx,2019-05-30,Integrating output in documentation with jupyter-sphinx
/and-voilà-f6a2c08a4a93,f6a2c08a4a93,https://blog.jupyter.org/and-voil%C3%A0-f6a2c08a4a93,2019-06-11-and-voilà,2019-06-11,And voilà!
/99-ways-to-extend-the-jupyter-ecosystem-11e5dab7c54,11e5dab7c54,https://blog.jupyter.org/99-ways-to-extend-the-jupyter-ecosystem-11e5dab7c54,2019-06-18-99-ways-to-extend-the-jupyter-ecosystem,2019-06-18,99 ways to extend the Jupyter ecosystem
/binder-with-zenodo-af68ed6648a6,af68ed6648a6,https://blog.jupyter.org/binder-with-zenodo-af68ed6648a6,2019-06-21-binder-with-zenodo,2019-06-21,Binder + Zenodo: A how-to guide
/the-international-binder-federation-4f6235c1537e,4f6235c1537e,https://blog.jupyter.org/the-international-binder-federation-4f6235c1537e,2019-07-01-the-international-binder-federation,2019-07-01,The International Binder Federation
/introducing-templates-for-jupyter-widget-layouts-f72bcb35a662,f72bcb35a662,https://blog.jupyter.org/introducing-templates-for-jupyter-widget-layouts-f72bcb35a662,2019-07-04-introducing-templates-for-jupyter-widget-layouts,2019-07-04,Introducing templates for Jupyter widgets layouts
/a-gallery-of-voilà-examples-a2ce7ef99130,a2ce7ef99130,https://blog.jupyter.org/a-gallery-of-voil%C3%A0-examples-a2ce7ef99130,2019-07-09-a-gallery-of-voilà-examples,2019-07-09,A Gallery of Voilà Examples
/jupyter-for-science-user-facilities-and-high-performance-computing-de178106872,de178106872,https://blog.jupyter.org/jupyter-for-science-user-facilities-and-high-performance-computing-de178106872,2019-07-09-jupyter-for-science-user-facilities-and-high-performance-computing,2019-07-09,Jupyter for Science User Facilities and High Performance Computing
/building-a-calculator-jupyter-kernel-4aed5764a295,4aed5764a295,https://blog.jupyter.org/building-a-calculator-jupyter-kernel-4aed5764a295,2019-07-16-building-a-calculator-jupyter-kernel,2019-07-16,Building a Calculator Jupyter Kernel
/automating-mybinder-org-dependency-upgrades-in-10-steps-bb5e38542059,bb5e38542059,https://blog.jupyter.org/automating-mybinder-org-dependency-upgrades-in-10-steps-bb5e38542059,2019-07-17-automating-mybinder-org-dependency-upgrades-in-10-steps,2019-07-17,How we automated mybinder.org dependency upgrades in 10 steps
/national-scale-interactive-computing-2c104455e062,2c104455e062,https://blog.jupyter.org/national-scale-interactive-computing-2c104455e062,2019-08-22-national-scale-interactive-computing,2019-08-22,National Scale Interactive Computing
/jupyter-meets-the-earth-1b0eb33c83f,1b0eb33c83f,https://blog.jupyter.org/jupyter-meets-the-earth-1b0eb33c83f,2019-09-09-jupyter-meets-the-earth,2019-09-09,Jupyter meets the Earth
/interactive-gis-in-jupyter-with-ipyleaflet-52f9657fa7a,52f9657fa7a,https://blog.jupyter.org/interactive-gis-in-jupyter-with-ipyleaflet-52f9657fa7a,2019-09-24-interactive-gis-in-jupyter-with-ipyleaflet,2019-09-24,Interactive GIS in Jupyter with ipyleaflet
/south-america-jupyter-community-workshop-4edc51c7a6ce,4edc51c7a6ce,https://blog.jupyter.org/south-america-jupyter-community-workshop-4edc51c7a6ce,2019-09-26-south-america-jupyter-community-workshop,2019-09-26,South America Jupyter Community Workshop
/field-report-on-the-kernel-community-workshop-a4ad73a1a718,a4ad73a1a718,https://blog.jupyter.org/field-report-on-the-kernel-community-workshop-a4ad73a1a718,2019-10-07-field-report-on-the-kernel-community-workshop,2019-10-07,Field Report on the Kernel Community Workshop
/diving-into-leadership-to-build-push-button-code-df2a075c9914,df2a075c9914,https://blog.jupyter.org/diving-into-leadership-to-build-push-button-code-df2a075c9914,2019-10-15-diving-into-leadership-to-build-push-button-code,2019-10-15,Diving into Leadership to Build Push-Button Code
/ipycanvas-a-python-canvas-for-jupyter-bbb51e4777f7,bbb51e4777f7,https://blog.jupyter.org/ipycanvas-a-python-canvas-for-jupyter-bbb51e4777f7,2019-10-25-ipycanvas-a-python-canvas-for-jupyter,2019-10-25,ipycanvas: A Python Canvas for Jupyter
/a-slideshow-template-for-voilà-apps-435f67d10b4f,435f67d10b4f,https://blog.jupyter.org/a-slideshow-template-for-voil%C3%A0-apps-435f67d10b4f,2019-10-29-a-slideshow-template-for-voilà-apps,2019-10-29,A slideshow template for Voilà apps
/voila-gridstack-template-8a431c2b353e,8a431c2b353e,https://blog.jupyter.org/voila-gridstack-template-8a431c2b353e,2019-11-11-voila-gridstack-template,2019-11-11,Configure your dashboards with Voilà gridstack template
/jupyter-community-workshops-call-for-proposals-for-jan-aug-2020-710f687e30f4,710f687e30f4,https://blog.jupyter.org/jupyter-community-workshops-call-for-proposals-for-jan-aug-2020-710f687e30f4,2019-11-12-jupyter-community-workshops-call-for-proposals-for-jan-aug-2020,2019-11-12,Jupyter Community Workshops: Call for Proposals for Jan-Aug 2020
/the-jupyterhub-and-binder-contributor-in-residence-56708d1e3069,56708d1e3069,https://blog.jupyter.org/the-jupyterhub-and-binder-contributor-in-residence-56708d1e3069,2019-11-26-the-jupyterhub-and-binder-contributor-in-residence,2019-11-26,The JupyterHub and Binder Contributor in Residence!
/connect-to-a-jupyterhub-from-visual-studio-code-ed7ed3a31bcb,ed7ed3a31bcb,https://blog.jupyter.org/connect-to-a-jupyterhub-from-visual-studio-code-ed7ed3a31bcb,2019-12-09-connect-to-a-jupyterhub-from-visual-studio-code,2019-12-09,Connect to a JupyterHub from Visual Studio Code
/voilà-is-now-an-official-jupyter-subproject-87d659583490,87d659583490,https://blog.jupyter.org/voil%C3%A0-is-now-an-official-jupyter-subproject-87d659583490,2019-12-29-voilà-is-now-an-official-jupyter-subproject,2019-12-29,Voilà is now a Jupyter subproject
/a-2019-retrospective-from-the-binder-project-57a449517362,57a449517362,https://blog.jupyter.org/a-2019-retrospective-from-the-binder-project-57a449517362,2020-01-15-a-2019-retrospective-from-the-binder-project,2020-01-15,A 2019 retrospective from the Binder Project
/xeus-is-now-a-jupyter-subproject-c4ec5a1bf30b,c4ec5a1bf30b,https://blog.jupyter.org/xeus-is-now-a-jupyter-subproject-c4ec5a1bf30b,2020-02-04-xeus-is-now-a-jupyter-subproject,2020-02-04,Xeus is now a Jupyter subproject
/jupytercon-2020-is-a-go-47c82b281fa8,47c82b281fa8,https://blog.jupyter.org/jupytercon-2020-is-a-go-47c82b281fa8,2020-02-07-jupytercon-2020-is-a-go,2020-02-07,JupyterCon 2020 is a go!
/report-on-the-jupyter-community-workshop-on-dashboarding-14f8ad9f3c0,14f8ad9f3c0,https://blog.jupyter.org/report-on-the-jupyter-community-workshop-on-dashboarding-14f8ad9f3c0,2020-02-14-report-on-the-jupyter-community-workshop-on-dashboarding,2020-02-14,Report on the Jupyter Community Workshop on Dashboarding
/jupyter-community-workshops-2019-year-in-review-8876336924e4,8876336924e4,https://blog.jupyter.org/jupyter-community-workshops-2019-year-in-review-8876336924e4,2020-02-24-jupyter-community-workshops-2019-year-in-review,2020-02-24,Jupyter Community Workshops 2019 Year in Review
/nbviewer-has-a-new-host-ovhcloud-28bcab6a7ab4,28bcab6a7ab4,https://blog.jupyter.org/nbviewer-has-a-new-host-ovhcloud-28bcab6a7ab4,2020-03-06-nbviewer-has-a-new-host-ovhcloud,2020-03-06,nbviewer has a new host: OVHcloud
/the-superheros-and-the-magic-wand-596acaab722a,596acaab722a,https://blog.jupyter.org/the-superheros-and-the-magic-wand-596acaab722a,2020-03-19-the-superheros-and-the-magic-wand,2020-03-19,The superheroes and the magic wand
/a-visual-debugger-for-jupyter-914e61716559,914e61716559,https://blog.jupyter.org/a-visual-debugger-for-jupyter-914e61716559,2020-03-25-a-visual-debugger-for-jupyter,2020-03-25,A visual debugger for Jupyter
/interactive-graph-visualization-in-jupyter-with-ipycytoscape-a8828a54ab63,a8828a54ab63,https://blog.jupyter.org/interactive-graph-visualization-in-jupyter-with-ipycytoscape-a8828a54ab63,2020-04-30-interactive-graph-visualization-in-jupyter-with-ipycytoscape,2020-04-30,Interactive Graph Visualization in Jupyter with ipycytoscape
/cir-report-i-1ca418c230cd,1ca418c230cd,https://blog.jupyter.org/cir-report-i-1ca418c230cd,2020-05-07-cir-report-i,2020-05-07,"The Jupyter Contributor In Residence, update 1"
/plasma-a-learning-platform-powered-by-jupyter-1b850fcd8624,1b850fcd8624,https://blog.jupyter.org/plasma-a-learning-platform-powered-by-jupyter-1b850fcd8624,2020-05-11-plasma-a-learning-platform-powered-by-jupyter,2020-05-11,Plasma: A learning platform powered by Jupyter
/a-jupyter-kernel-for-sqlite-9549c5dcf551,9549c5dcf551,https://blog.jupyter.org/a-jupyter-kernel-for-sqlite-9549c5dcf551,2020-06-11-a-jupyter-kernel-for-sqlite,2020-06-11,A Jupyter kernel for SQLite
/jupytercon-online-more-than-a-conference-4677cf25a915,4677cf25a915,https://blog.jupyter.org/jupytercon-online-more-than-a-conference-4677cf25a915,2020-06-29-jupytercon-online-more-than-a-conference,2020-06-29,JupyterCon Online: more than a conference
/slicerjupyter-a-3d-slicer-kernel-for-interactive-publications-6f2ad829f635,6f2ad829f635,https://blog.jupyter.org/slicerjupyter-a-3d-slicer-kernel-for-interactive-publications-6f2ad829f635,2020-07-08-slicerjupyter-a-3d-slicer-kernel-for-interactive-publications,2020-07-08,SlicerJupyter: a 3D Slicer kernel for interactive publications
/anima-anandkumar-274f2619c90d,274f2619c90d,https://blog.jupyter.org/anima-anandkumar-274f2619c90d,2020-07-13-anima-anandkumar,2020-07-13,Anima Anandkumar
/jeremy-howard-8dace7b4a34a,8dace7b4a34a,https://blog.jupyter.org/jeremy-howard-8dace7b4a34a,2020-07-21-jeremy-howard,2020-07-21,Jeremy Howard
/juan-klopper-c33c2fd0ed36,c33c2fd0ed36,https://blog.jupyter.org/juan-klopper-c33c2fd0ed36,2020-08-03-juan-klopper,2020-08-03,Juan Klopper
/elyra-reaches-1-0-0-41039dc06405,41039dc06405,https://blog.jupyter.org/elyra-reaches-1-0-0-41039dc06405,2020-08-10-elyra-reaches-1-0-0,2020-08-10,Elyra reaches 1.0.0
/jupyterlab-ros-3dc9dab7f421,3dc9dab7f421,https://blog.jupyter.org/jupyterlab-ros-3dc9dab7f421,2020-08-11-jupyterlab-ros,2020-08-11,"JupyterLab, the Cloud Robotics Command Station"
/announcing-the-new-jupyter-book-cbf7aa8bc72e,cbf7aa8bc72e,https://blog.jupyter.org/announcing-the-new-jupyter-book-cbf7aa8bc72e,2020-08-12-announcing-the-new-jupyter-book,2020-08-12,Announcing the new Jupyter Book
/lucy-dagostino-mcgowan-13adbdedccf0,13adbdedccf0,https://blog.jupyter.org/lucy-dagostino-mcgowan-13adbdedccf0,2020-08-16-lucy-dagostino-mcgowan,2020-08-16,Lucy D’Agostino McGowan
/jupyter-meets-the-earth-earthcube-community-meeting-4bb9fb49cada,4bb9fb49cada,https://blog.jupyter.org/jupyter-meets-the-earth-earthcube-community-meeting-4bb9fb49cada,2020-08-17-jupyter-meets-the-earth-earthcube-community-meeting,2020-08-17,Jupyter meets the Earth: EarthCube Community Meeting
/the-templating-system-of-nbconvert-6-47ea781eacd2,47ea781eacd2,https://blog.jupyter.org/the-templating-system-of-nbconvert-6-47ea781eacd2,2020-09-26-the-templating-system-of-nbconvert-6,2020-09-26,The templating system of nbconvert 6
/omoju-miller-435db40d347e,435db40d347e,https://blog.jupyter.org/omoju-miller-435db40d347e,2020-09-29-omoju-miller,2020-09-29,Omoju Miller
/benjamin-ragan-kelley-59a6bf015ea9,59a6bf015ea9,https://blog.jupyter.org/benjamin-ragan-kelley-59a6bf015ea9,2020-10-03-benjamin-ragan-kelley,2020-10-03,Benjamin Ragan-Kelley
/tema-okun-a7e5f1f0cd05,a7e5f1f0cd05,https://blog.jupyter.org/tema-okun-a7e5f1f0cd05,2020-10-12-tema-okun,2020-10-12,Tema Okun
/ipygany-jupyter-into-the-third-dimension-29a97597fc33,29a97597fc33,https://blog.jupyter.org/ipygany-jupyter-into-the-third-dimension-29a97597fc33,2020-10-14-ipygany-jupyter-into-the-third-dimension,2020-10-14,ipygany: Jupyter into the third dimension
/reusable-code-snippets-in-jupyterlab-8d75a0f9d207,8d75a0f9d207,https://blog.jupyter.org/reusable-code-snippets-in-jupyterlab-8d75a0f9d207,2020-11-18-reusable-code-snippets-in-jupyterlab,2020-11-18,Reusable code snippets in JupyterLab
/congratulations-distinguished-contributors-f617e40689e7,f617e40689e7,https://blog.jupyter.org/congratulations-distinguished-contributors-f617e40689e7,2020-11-20-congratulations-distinguished-contributors,2020-11-20,"Congratulations, Distinguished Contributors!"
/a-c-backend-for-vega-lite-bd2524b247c2,bd2524b247c2,https://blog.jupyter.org/a-c-backend-for-vega-lite-bd2524b247c2,2020-12-02-a-c-backend-for-vega-lite,2020-12-02,A C++ API for Vega-Lite
/survey-jupyterlab-and-beyond-88c7fbd27a79,88c7fbd27a79,https://blog.jupyter.org/survey-jupyterlab-and-beyond-88c7fbd27a79,2020-12-14-survey-jupyterlab-and-beyond,2020-12-14,Survey — JupyterLab and beyond
/jupyterlab-3-0-is-out-4f58385e25bb,4f58385e25bb,https://blog.jupyter.org/jupyterlab-3-0-is-out-4f58385e25bb,2021-01-05-jupyterlab-3-0-is-out,2021-01-05,JupyterLab 3.0 is released!
/dashboarding-with-jupyterlab-3-789fcb1a5857,789fcb1a5857,https://blog.jupyter.org/dashboarding-with-jupyterlab-3-789fcb1a5857,2021-01-08-dashboarding-with-jupyterlab-3,2021-01-08,Dashboarding with JupyterLab 3
/robotic-process-automation-with-jupyterlab-713b5630e457,713b5630e457,https://blog.jupyter.org/robotic-process-automation-with-jupyterlab-713b5630e457,2021-01-18-robotic-process-automation-with-jupyterlab,2021-01-18,Robotic Process Automation with JupyterLab
/a-curiously-recurring-widget-library-261a65bd56fe,261a65bd56fe,https://blog.jupyter.org/a-curiously-recurring-widget-library-261a65bd56fe,2021-01-27-a-curiously-recurring-widget-library,2021-01-27,A Curiously Recurring Widget Library
/an-sql-solution-for-jupyter-ef4a00a0d925,ef4a00a0d925,https://blog.jupyter.org/an-sql-solution-for-jupyter-ef4a00a0d925,2021-02-03-an-sql-solution-for-jupyter,2021-02-03,An SQL solution for Jupyter
/genomic-data-representation-in-jupyter-c57a5bb518d6,c57a5bb518d6,https://blog.jupyter.org/genomic-data-representation-in-jupyter-c57a5bb518d6,2021-02-08-genomic-data-representation-in-jupyter,2021-02-08,Genomic data visualization in Jupyter
/abracadabra-bringing-the-magics-to-xeus-python-9d17bcfacb4,9d17bcfacb4,https://blog.jupyter.org/abracadabra-bringing-the-magics-to-xeus-python-9d17bcfacb4,2021-02-18-abracadabra-bringing-the-magics-to-xeus-python,2021-02-18,Abracadabra! Bringing the magics to xeus-python
/lessons-learned-from-jupyters-contributor-in-residence-pilot-427e2b361a7b,427e2b361a7b,https://blog.jupyter.org/lessons-learned-from-jupyters-contributor-in-residence-pilot-427e2b361a7b,2021-03-11-lessons-learned-from-jupyters-contributor-in-residence-pilot,2021-03-11,Lessons learned from Jupyter’s Contributor in Residence pilot
/nbterm-jupyter-notebooks-in-the-terminal-6a2b55d08b70,6a2b55d08b70,https://blog.jupyter.org/nbterm-jupyter-notebooks-in-the-terminal-6a2b55d08b70,2021-04-26-nbterm-jupyter-notebooks-in-the-terminal,2021-04-26,nbterm: Jupyter Notebooks in the terminal
/enabling-the-jupyterlab-debugger-with-ipykernel-8d7248f522b0,8d7248f522b0,https://blog.jupyter.org/enabling-the-jupyterlab-debugger-with-ipykernel-8d7248f522b0,2021-05-13-enabling-the-jupyterlab-debugger-with-ipykernel,2021-05-13,Enabling the JupyterLab debugger with ipykernel
/congratulations-distinguished-contributors-149deff3033c,149deff3033c,https://blog.jupyter.org/congratulations-distinguished-contributors-149deff3033c,2021-05-25-congratulations-distinguished-contributors,2021-05-25,"Congratulations, Distinguished Contributors!"
/retrolab-a-jupyterlab-distribution-with-a-retro-look-and-feel-8096b8b223d0,8096b8b223d0,https://blog.jupyter.org/retrolab-a-jupyterlab-distribution-with-a-retro-look-and-feel-8096b8b223d0,2021-05-27-retrolab-a-jupyterlab-distribution-with-a-retro-look-and-feel,2021-05-27,RetroLab — A JupyterLab distribution with a retro look and feel
/setting-up-a-production-ready-tljh-deployment-3c81c0ada18f,3c81c0ada18f,https://blog.jupyter.org/setting-up-a-production-ready-tljh-deployment-3c81c0ada18f,2021-06-04-setting-up-a-production-ready-tljh-deployment,2021-06-04,Setting up a “Production Ready” TLJH deployment
/how-we-made-jupyter-notebooks-collaborative-with-yjs-b8dff6a9d8af,b8dff6a9d8af,https://blog.jupyter.org/how-we-made-jupyter-notebooks-collaborative-with-yjs-b8dff6a9d8af,2021-06-04-how-we-made-jupyter-notebooks-collaborative-with-yjs,2021-06-04,How we made Jupyter Notebooks collaborative with Yjs
/jupyterlite-jupyter-️-webassembly-️-python-f6e2e41ab3fa,f6e2e41ab3fa,https://blog.jupyter.org/jupyterlite-jupyter-️-webassembly-️-python-f6e2e41ab3fa,2021-07-13-jupyterlite-jupyter-️-webassembly-️-python,2021-07-13,JupyterLite: Jupyter ❤️ WebAssembly ❤️ Python
/build-a-jupyter-widget-with-react-and-typescript-d83e07340fa3,d83e07340fa3,https://blog.jupyter.org/build-a-jupyter-widget-with-react-and-typescript-d83e07340fa3,2021-07-30-build-a-jupyter-widget-with-react-and-typescript,2021-07-30,Build a Jupyter Widget with React and TypeScript
/cve-2021-32797-and-cve-2021-32798-remote-code-execution-in-jupyterlab-and-jupyter-notebook-a70fae0d3239,a70fae0d3239,https://blog.jupyter.org/cve-2021-32797-and-cve-2021-32798-remote-code-execution-in-jupyterlab-and-jupyter-notebook-a70fae0d3239,2021-08-09-cve-2021-32797-and-cve-2021-32798-remote-code-execution-in-jupyterlab-and-jupyte,2021-08-09,CVE-2021–32797 and CVE-2021–32798 Remote Code execution in JupyterLab and Jupyter Notebook
/ploomber-maintainable-and-collaborative-pipelines-in-jupyter-acb3ad2101a7,acb3ad2101a7,https://blog.jupyter.org/ploomber-maintainable-and-collaborative-pipelines-in-jupyter-acb3ad2101a7,2021-09-01-ploomber-maintainable-and-collaborative-pipelines-in-jupyter,2021-09-01,Ploomber: Maintainable and Collaborative Pipelines in Jupyter
/jupyter-role-in-chaosdb-4cb269815d26,4cb269815d26,https://blog.jupyter.org/jupyter-role-in-chaosdb-4cb269815d26,2021-09-01-jupyter-role-in-chaosdb,2021-09-01,Jupyter’s role in #ChaosDB
/community-note-8e9e6e30760,8e9e6e30760,https://blog.jupyter.org/community-note-8e9e6e30760,2021-09-08-community-note,2021-09-08,Community Note
/trusted-ci-cybersecurity-engagement-with-jupyter-859a5f5d7201,859a5f5d7201,https://blog.jupyter.org/trusted-ci-cybersecurity-engagement-with-jupyter-859a5f5d7201,2021-09-15-trusted-ci-cybersecurity-engagement-with-jupyter,2021-09-15,Trusted CI Cybersecurity Engagement with Jupyter
/jupyterlab-desktop-app-now-available-b8b661b17e9a,b8b661b17e9a,https://blog.jupyter.org/jupyterlab-desktop-app-now-available-b8b661b17e9a,2021-09-22-jupyterlab-desktop-app-now-available,2021-09-22,JupyterLab Desktop App now available!
/from-jupyter-to-the-moon-2e432df402c8,2e432df402c8,https://blog.jupyter.org/from-jupyter-to-the-moon-2e432df402c8,2021-09-24-from-jupyter-to-the-moon,2021-09-24,From Jupyter to the Moon
/xeus-2-0-cb460d4daed4,cb460d4daed4,https://blog.jupyter.org/xeus-2-0-cb460d4daed4,2021-09-28-xeus-2-0,2021-09-28,Xeus 2.0
/looking-at-notebooks-from-a-new-perspective-bfd06797f188,bfd06797f188,https://blog.jupyter.org/looking-at-notebooks-from-a-new-perspective-bfd06797f188,2021-10-05-looking-at-notebooks-from-a-new-perspective,2021-10-05,Looking at notebooks from a new perspective
/czi-awards-three-eoss-grants-to-jupyter-community-members-6aef43bd9468,6aef43bd9468,https://blog.jupyter.org/czi-awards-three-eoss-grants-to-jupyter-community-members-6aef43bd9468,2021-10-14-czi-awards-three-eoss-grants-to-jupyter-community-members,2021-10-14,CZI awards three EOSS grants to Jupyter community members
/xeus-lite-379e96bb199d,379e96bb199d,https://blog.jupyter.org/xeus-lite-379e96bb199d,2021-10-25-xeus-lite,2021-10-25,Xeus-Lite
/how-i-automated-authorised-cloud-deployments-from-pull-requests-with-github-actions-13f890538e32,13f890538e32,https://blog.jupyter.org/how-i-automated-authorised-cloud-deployments-from-pull-requests-with-github-actions-13f890538e32,2021-11-22-how-i-automated-authorised-cloud-deployments-from-pull-requests-with-github-acti,2021-11-22,How I automated authorised cloud deployments from Pull Requests with GitHub Actions
/ipython-parallel-in-2021-2945985c032a,2945985c032a,https://blog.jupyter.org/ipython-parallel-in-2021-2945985c032a,2021-11-30-ipython-parallel-in-2021,2021-11-30,IPython Parallel in 2021
/jupyterhub-2-0-7a038715e96d,7a038715e96d,https://blog.jupyter.org/jupyterhub-2-0-7a038715e96d,2021-12-01-jupyterhub-2-0,2021-12-01,JupyterHub 2.0
/need-for-speed-voilà-edition-a9e1300ab3b2,a9e1300ab3b2,https://blog.jupyter.org/need-for-speed-voilà-edition-a9e1300ab3b2,2021-12-10-need-for-speed-voilà-edition,2021-12-10,Need for Speed: Voilà edition
/jupyter-games-cda20dc15a21,cda20dc15a21,https://blog.jupyter.org/jupyter-games-cda20dc15a21,2021-12-14-jupyter-games,2021-12-14,Jupyter Games
/jupyter-community-2021-update-84c5cd3c5e75,84c5cd3c5e75,https://blog.jupyter.org/jupyter-community-2021-update-84c5cd3c5e75,2021-12-20-jupyter-community-2021-update,2021-12-20,Jupyter Community 2021 Update
/join-us-for-the-jupyter-accessibility-workshops-part-1-133e0e522d1b,133e0e522d1b,https://blog.jupyter.org/join-us-for-the-jupyter-accessibility-workshops-part-1-133e0e522d1b,2022-01-06-join-us-for-the-jupyter-accessibility-workshops-part-1,2022-01-06,Join us for the Jupyter Accessibility Workshops (Part 1)
/release-of-ipython-8-0-6e034ff122ef,6e034ff122ef,https://blog.jupyter.org/release-of-ipython-8-0-6e034ff122ef,2022-01-12-release-of-ipython-8-0,2022-01-12,Release of IPython 8.0
/join-us-for-the-jupyter-accessibility-workshops-part-2-aae1dbcdb9ac,aae1dbcdb9ac,https://blog.jupyter.org/join-us-for-the-jupyter-accessibility-workshops-part-2-aae1dbcdb9ac,2022-03-04-join-us-for-the-jupyter-accessibility-workshops-part-2,2022-03-04,Join us for the Jupyter Accessibility Workshops (Part 2)
/jupyter-everywhere-f8151c2cc6e8,f8151c2cc6e8,https://blog.jupyter.org/jupyter-everywhere-f8151c2cc6e8,2022-03-15-jupyter-everywhere,2022-03-15,Jupyter Everywhere
/congratulations-distinguished-contributors-bc349fa60d68,bc349fa60d68,https://blog.jupyter.org/congratulations-distinguished-contributors-bc349fa60d68,2022-03-16-congratulations-distinguished-contributors,2022-03-16,"Congratulations, Distinguished Contributors!"
/please-dont-disable-authentication-in-jupyter-servers-dd197206e7f6,dd197206e7f6,https://blog.jupyter.org/please-dont-disable-authentication-in-jupyter-servers-dd197206e7f6,2022-04-05-please-dont-disable-authentication-in-jupyter-servers,2022-04-05,Please don’t disable authentication in Jupyter servers
/jupyter-accessibility-workshops-wrap-up-8649dfe5f89,8649dfe5f89,https://blog.jupyter.org/jupyter-accessibility-workshops-wrap-up-8649dfe5f89,2022-04-09-jupyter-accessibility-workshops-wrap-up,2022-04-09,Jupyter Accessibility Workshops Wrap Up
/inspector-jupyterlab-404cce3e1df6,404cce3e1df6,https://blog.jupyter.org/inspector-jupyterlab-404cce3e1df6,2022-04-11-inspector-jupyterlab,2022-04-11,Inspector JupyterLab
/securely-pushing-to-github-from-a-jupyterhub-3ee42dfdc54f,3ee42dfdc54f,https://blog.jupyter.org/securely-pushing-to-github-from-a-jupyterhub-3ee42dfdc54f,2022-04-21-securely-pushing-to-github-from-a-jupyterhub,2022-04-21,Securely pushing to GitHub from a JupyterHub with gh-scoped-creds
/jupyter-events-update-67315ebb0afa,67315ebb0afa,https://blog.jupyter.org/jupyter-events-update-67315ebb0afa,2022-04-21-jupyter-events-update,2022-04-21,Jupyter Events Update
/jupyter-community-workshops-c7491a3cca00,c7491a3cca00,https://blog.jupyter.org/jupyter-community-workshops-c7491a3cca00,2022-04-26-jupyter-community-workshops,2022-04-26,Jupyter Community Workshops: Call for Proposals
/requiring-2fa-for-jupyter-github-organizations-ad15507da9b1,ad15507da9b1,https://blog.jupyter.org/requiring-2fa-for-jupyter-github-organizations-ad15507da9b1,2022-07-05-requiring-2fa-for-jupyter-github-organizations,2022-07-05,Requiring 2FA for Jupyter GitHub Organizations
/mamba-meets-jupyterlite-88ef49ac4dc8,88ef49ac4dc8,https://blog.jupyter.org/mamba-meets-jupyterlite-88ef49ac4dc8,2022-07-14-mamba-meets-jupyterlite,2022-07-14,Mamba meets JupyterLite
/visual-programming-in-jupyterlab-with-blockly-7731ec3e113c,7731ec3e113c,https://blog.jupyter.org/visual-programming-in-jupyterlab-with-blockly-7731ec3e113c,2022-07-29-visual-programming-in-jupyterlab-with-blockly,2022-07-29,Visual programming in JupyterLab with Blockly
/packaging-for-jupyter-in-2022-c7be64c38926,c7be64c38926,https://blog.jupyter.org/packaging-for-jupyter-in-2022-c7be64c38926,2022-09-06-packaging-for-jupyter-in-2022,2022-09-06,Packaging for Jupyter in 2022
/upgrading-nbgrader-99c56ae56c47,99c56ae56c47,https://blog.jupyter.org/upgrading-nbgrader-99c56ae56c47,2022-09-15-upgrading-nbgrader,2022-09-15,Upgrading Nbgrader
/jupyter-notebook-6-5-0-release-candidate-4c229c6dab55,4c229c6dab55,https://blog.jupyter.org/jupyter-notebook-6-5-0-release-candidate-4c229c6dab55,2022-09-15-jupyter-notebook-6-5-0-release-candidate,2022-09-15,Jupyter Notebook 6.5.0 Release Candidate
/jupyter-community-workshop-the-future-of-jupyter-widgets-475f67288da0,475f67288da0,https://blog.jupyter.org/jupyter-community-workshop-the-future-of-jupyter-widgets-475f67288da0,2022-09-20-jupyter-community-workshop-the-future-of-jupyter-widgets,2022-09-20,Jupyter Community Workshop: The Future of Jupyter Widgets
/accelerating-jupyterlab-68942bb8d602,68942bb8d602,https://blog.jupyter.org/accelerating-jupyterlab-68942bb8d602,2022-10-10-accelerating-jupyterlab,2022-10-10,Accelerating JupyterLab
/jupyter-community-workshops-update-current-round-review-and-a-sneak-peek-into-round-4-11119040c814,11119040c814,https://blog.jupyter.org/jupyter-community-workshops-update-current-round-review-and-a-sneak-peek-into-round-4-11119040c814,2022-10-12-jupyter-community-workshops-update-current-round-review-and-a-sneak-peek-into-ro,2022-10-12,Jupyter Community Workshops Update — Current Round Review & Sneak Peek into Round 4
/jupytercon-is-back-in-2023-90e5c25eeec9,90e5c25eeec9,https://blog.jupyter.org/jupytercon-is-back-in-2023-90e5c25eeec9,2022-10-17-jupytercon-is-back-in-2023,2022-10-17,JupyterCon is back in 2023
/community-workshop-jupyterlite-e992c61f5d7f,e992c61f5d7f,https://blog.jupyter.org/community-workshop-jupyterlite-e992c61f5d7f,2022-11-10-community-workshop-jupyterlite,2022-11-10,Jupyter Community Workshop: JupyterLite
/mybinder-ovhcloud-e2ce3d9701fc,e2ce3d9701fc,https://blog.jupyter.org/mybinder-ovhcloud-e2ce3d9701fc,2022-11-23-mybinder-ovhcloud,2022-11-23,MyBinder @ OVHcloud
/report-on-the-jupyter-community-workshop-77016ab1d49b,77016ab1d49b,https://blog.jupyter.org/report-on-the-jupyter-community-workshop-77016ab1d49b,2022-11-30-report-on-the-jupyter-community-workshop,2022-11-30,Report on the Jupyter Community Workshop
/jupyter-community-workshop-jupyter-for-education-82af9e34b510,82af9e34b510,https://blog.jupyter.org/jupyter-community-workshop-jupyter-for-education-82af9e34b510,2022-12-05-jupyter-community-workshop-jupyter-for-education,2022-12-05,Jupyter Community Workshop: Jupyter for Education
/jupyter-server-2-0-is-released-121ac99e909a,121ac99e909a,https://blog.jupyter.org/jupyter-server-2-0-is-released-121ac99e909a,2022-12-06-jupyter-server-2-0-is-released,2022-12-06,Jupyter Server 2.0 is released!
/introducing-jupyterhubs-outreachy-interns-december-2022-cohort-23aaf4613556,23aaf4613556,https://blog.jupyter.org/introducing-jupyterhubs-outreachy-interns-december-2022-cohort-23aaf4613556,2022-12-07-introducing-jupyterhubs-outreachy-interns-december-2022-cohort,2022-12-07,Introducing JupyterHub’s Outreachy interns! — December 2022 Cohort
/jupyter-community-workshop-the-notebook-file-format-8133ed606118,8133ed606118,https://blog.jupyter.org/jupyter-community-workshop-the-notebook-file-format-8133ed606118,2022-12-08-jupyter-community-workshop-the-notebook-file-format,2022-12-08,Jupyter Community Workshop: The notebook file format
/jupyterlab-desktop-2022-recap-28bdf00205c6,28bdf00205c6,https://blog.jupyter.org/jupyterlab-desktop-2022-recap-28bdf00205c6,2022-12-13-jupyterlab-desktop-2022-recap,2022-12-13,JupyterLab Desktop — 2022 recap
/introducing-jupyter-scheduler-f9e82676c388,f9e82676c388,https://blog.jupyter.org/introducing-jupyter-scheduler-f9e82676c388,2022-12-14-introducing-jupyter-scheduler,2022-12-14,Introducing Jupyter Scheduler
/a-jupyter-kernel-for-gnu-octave-b6d29e56341f,b6d29e56341f,https://blog.jupyter.org/a-jupyter-kernel-for-gnu-octave-b6d29e56341f,2023-01-11-a-jupyter-kernel-for-gnu-octave,2023-01-11,A Jupyter kernel for GNU Octave
/announcing-a-new-jupyter-governance-model-and-our-first-executive-council-39b3989dc064,39b3989dc064,https://blog.jupyter.org/announcing-a-new-jupyter-governance-model-and-our-first-executive-council-39b3989dc064,2023-01-13-announcing-a-new-jupyter-governance-model-and-our-first-executive-council,2023-01-13,Announcing a New Jupyter Governance Model and Our First Executive Council
/jupytercon-2023-keynotes-c6b5d3d964e5,c6b5d3d964e5,https://blog.jupyter.org/jupytercon-2023-keynotes-c6b5d3d964e5,2023-01-18-jupytercon-2023-keynotes,2023-01-18,JupyterCon 2023 keynotes
/report-on-the-jupyterlite-community-workshop-aafaefe254ef,aafaefe254ef,https://blog.jupyter.org/report-on-the-jupyterlite-community-workshop-aafaefe254ef,2023-01-27-report-on-the-jupyterlite-community-workshop,2023-01-27,Report on the JupyterLite Community Workshop 💡
/introducing-the-new-jupyterlab-desktop-bca1982bdb23,bca1982bdb23,https://blog.jupyter.org/introducing-the-new-jupyterlab-desktop-bca1982bdb23,2023-02-09-introducing-the-new-jupyterlab-desktop,2023-02-09,Introducing the new JupyterLab Desktop!
/jupytercon-2023-early-bird-passes-still-available-and-scholarship-applications-have-opened-c1bae085125a,c1bae085125a,https://blog.jupyter.org/jupytercon-2023-early-bird-passes-still-available-and-scholarship-applications-have-opened-c1bae085125a,2023-02-09-jupytercon-2023-early-bird-passes-still-available-and-scholarship-applications-h,2023-02-09,"JupyterCon 2023 is just around the corner, and it promises to be an exciting and action-packed…"
/improving-the-accessibility-of-jupyter-6c695db518d3,6c695db518d3,https://blog.jupyter.org/improving-the-accessibility-of-jupyter-6c695db518d3,2023-02-24-improving-the-accessibility-of-jupyter,2023-02-24,Improving the accessibility of Jupyter
/online-collaboration-café-launch-jupyterhub-team-meetings-to-become-more-collaborative-spaces-b713edadf15,b713edadf15,https://blog.jupyter.org/online-collaboration-café-launch-jupyterhub-team-meetings-to-become-more-collaborative-spaces-b713edadf15,2023-02-27-online-collaboration-café-launch-jupyterhub-team-meetings-to-become-more-collabo,2023-02-27,Online Collaboration Café launch: JupyterHub team meetings to become more collaborative spaces!
/updating-defaults-on-mybinder-org-4df41d601955,4df41d601955,https://blog.jupyter.org/updating-defaults-on-mybinder-org-4df41d601955,2023-03-09-updating-defaults-on-mybinder-org,2023-03-09,Updating defaults on mybinder.org
/embed-interactive-itkwidgets-3d-renderings-into-jupyterlite-deployments-10eb9ea30980,10eb9ea30980,https://blog.jupyter.org/embed-interactive-itkwidgets-3d-renderings-into-jupyterlite-deployments-10eb9ea30980,2023-03-10-embed-interactive-itkwidgets-3d-renderings-into-jupyterlite-deployments,2023-03-10,Embed interactive itkwidgets 3D renderings into JupyterLite deployments
/accurately-counting-daily-weekly-monthly-active-users-on-jupyterhub-6fbec6c6ce2f,6fbec6c6ce2f,https://blog.jupyter.org/accurately-counting-daily-weekly-monthly-active-users-on-jupyterhub-6fbec6c6ce2f,2023-03-27-accurately-counting-daily-weekly-monthly-active-users-on-jupyterhub,2023-03-27,"Accurately counting Daily, Weekly & Monthly active users on JupyterHub"
/jupyter-notebook-format-workshop-outcomes-c45faf113018,c45faf113018,https://blog.jupyter.org/jupyter-notebook-format-workshop-outcomes-c45faf113018,2023-04-12-jupyter-notebook-format-workshop-outcomes,2023-04-12,Jupyter Notebook format workshop outcomes
/mybinder-org-reducing-capacity-c93ccfc6413f,c93ccfc6413f,https://blog.jupyter.org/mybinder-org-reducing-capacity-c93ccfc6413f,2023-04-25-mybinder-org-reducing-capacity,2023-04-25,Mybinder.org reducing capacity
/introducing-learn-python-with-jupyter-11214f152159,11214f152159,https://blog.jupyter.org/introducing-learn-python-with-jupyter-11214f152159,2023-04-28-introducing-learn-python-with-jupyter,2023-04-28,Introducing “Learn Python with Jupyter”
/congratulations-distinguished-contributors-7a7b215b8bd0,7a7b215b8bd0,https://blog.jupyter.org/congratulations-distinguished-contributors-7a7b215b8bd0,2023-06-02-congratulations-distinguished-contributors,2023-06-02,"Congratulations, Distinguished Contributors!"
/collaborative-cad-in-jupyterlab-8eb9e8f81f0,8eb9e8f81f0,https://blog.jupyter.org/collaborative-cad-in-jupyterlab-8eb9e8f81f0,2023-06-02-collaborative-cad-in-jupyterlab,2023-06-02,Collaborative CAD in JupyterLab
/jupyterlab-4-0-is-here-388d05e03442,388d05e03442,https://blog.jupyter.org/jupyterlab-4-0-is-here-388d05e03442,2023-06-05-jupyterlab-4-0-is-here,2023-06-05,JupyterLab 4.0 is Here
/from-intern-to-mentor-6055df406999,6055df406999,https://blog.jupyter.org/from-intern-to-mentor-6055df406999,2023-06-19-from-intern-to-mentor,2023-06-19,From intern to mentor
/a-theme-editor-for-jupyterlab-8f08ab62894d,8f08ab62894d,https://blog.jupyter.org/a-theme-editor-for-jupyterlab-8f08ab62894d,2023-06-19-a-theme-editor-for-jupyterlab,2023-06-19,A theme editor for JupyterLab
/anywidget-jupyter-widgets-made-easy-164eb2eae102,164eb2eae102,https://blog.jupyter.org/anywidget-jupyter-widgets-made-easy-164eb2eae102,2023-07-11-anywidget-jupyter-widgets-made-easy,2023-07-11,anywidget: Jupyter Widgets Made Easy
/jupytercon-2023-recordings-now-live-on-youtube-17564b75a2a,17564b75a2a,https://blog.jupyter.org/jupytercon-2023-recordings-now-live-on-youtube-17564b75a2a,2023-07-22-jupytercon-2023-recordings-now-live-on-youtube,2023-07-22,🎉 JupyterCon 2023 recordings now live on YouTube! 🎉
/announcing-jupyter-notebook-7-8d6d66126dcf,8d6d66126dcf,https://blog.jupyter.org/announcing-jupyter-notebook-7-8d6d66126dcf,2023-07-26-announcing-jupyter-notebook-7,2023-07-26,Announcing Jupyter Notebook 7
/european-commission-funds-jupyter-bug-bounty-program-b7b96f9831e6,b7b96f9831e6,https://blog.jupyter.org/european-commission-funds-jupyter-bug-bounty-program-b7b96f9831e6,2023-07-28-european-commission-funds-jupyter-bug-bounty-program,2023-07-28,European Commission Funds Jupyter Bug Bounty Program
/generative-ai-in-jupyter-3f7174824862,3f7174824862,https://blog.jupyter.org/generative-ai-in-jupyter-3f7174824862,2023-08-02-generative-ai-in-jupyter,2023-08-02,Generative AI in Jupyter
/desktop-gis-software-in-the-cloud-with-jupyterhub-ddced297019a,ddced297019a,https://blog.jupyter.org/desktop-gis-software-in-the-cloud-with-jupyterhub-ddced297019a,2023-08-02-desktop-gis-software-in-the-cloud-with-jupyterhub,2023-08-02,Desktop GIS software in the cloud with JupyterHub: A QGreenland workshop success story
/bringing-modern-javascript-to-the-jupyter-notebook-fc998095081e,fc998095081e,https://blog.jupyter.org/bringing-modern-javascript-to-the-jupyter-notebook-fc998095081e,2023-09-24-bringing-modern-javascript-to-the-jupyter-notebook,2023-09-24,Bringing Modern JavaScript to the Jupyter Notebook
/voilà-0-5-0-homecoming-66f2465aa86f,66f2465aa86f,https://blog.jupyter.org/voilà-0-5-0-homecoming-66f2465aa86f,2023-09-25-voilà-0-5-0-homecoming,2023-09-25,Voilà 0.5.0 : Homecoming
/plug-your-application-into-the-jupyter-world-805e48918801,805e48918801,https://blog.jupyter.org/plug-your-application-into-the-jupyter-world-805e48918801,2023-10-23-plug-your-application-into-the-jupyter-world,2023-10-23,Plug your application into the Jupyter world
/and-voici-e02367197ba2,e02367197ba2,https://blog.jupyter.org/and-voici-e02367197ba2,2023-12-06-and-voici,2023-12-06,And Voici!
/open-community-call-b93d44fc5856,b93d44fc5856,https://blog.jupyter.org/open-community-call-b93d44fc5856,2023-12-08-open-community-call,2023-12-08,Open Community Call
/recent-keyboard-navigation-improvements-in-jupyter-4df32f97628d,4df32f97628d,https://blog.jupyter.org/recent-keyboard-navigation-improvements-in-jupyter-4df32f97628d,2023-12-16-recent-keyboard-navigation-improvements-in-jupyter,2023-12-16,Recent keyboard navigation improvements in Jupyter
/jupyter-media-strategy-social-media-update-e4d6171b0580,e4d6171b0580,https://blog.jupyter.org/jupyter-media-strategy-social-media-update-e4d6171b0580,2024-01-10-jupyter-media-strategy-social-media-update,2024-01-10,Jupyter Media Strategy & Social Media Update
/meet-xeus-r-a-future-proof-jupyter-kernel-for-r-1adc5fdd09ab,1adc5fdd09ab,https://blog.jupyter.org/meet-xeus-r-a-future-proof-jupyter-kernel-for-r-1adc5fdd09ab,2024-01-22-meet-xeus-r-a-future-proof-jupyter-kernel-for-r,2024-01-22,Meet Xeus-R: a future-proof Jupyter kernel for R
/the-jupytext-menu-is-back-3e6212e8c090,3e6212e8c090,https://blog.jupyter.org/the-jupytext-menu-is-back-3e6212e8c090,2024-01-31-the-jupytext-menu-is-back,2024-01-31,The Jupytext Menu is back!
/jupyterlab-3-end-of-maintenance-879778927db2,879778927db2,https://blog.jupyter.org/jupyterlab-3-end-of-maintenance-879778927db2,2024-02-19-jupyterlab-3-end-of-maintenance,2024-02-19,JupyterLab 3 end of maintenance
/python-environment-management-in-jupyterlab-desktop-3b119c5811d9,3b119c5811d9,https://blog.jupyter.org/python-environment-management-in-jupyterlab-desktop-3b119c5811d9,2024-02-19-python-environment-management-in-jupyterlab-desktop,2024-02-19,Python environment management in JupyterLab Desktop
/curvenote-joins-the-mybinder-org-federation-76fc575e9898,76fc575e9898,https://blog.jupyter.org/curvenote-joins-the-mybinder-org-federation-76fc575e9898,2024-02-22-curvenote-joins-the-mybinder-org-federation,2024-02-22,Curvenote joins the mybinder.org federation
/jupyterlab-4-1-and-notebook-7-1-are-here-20bfc3c10217,20bfc3c10217,https://blog.jupyter.org/jupyterlab-4-1-and-notebook-7-1-are-here-20bfc3c10217,2024-02-26-jupyterlab-4-1-and-notebook-7-1-are-here,2024-02-26,JupyterLab 4.1 and Notebook 7.1 are here 🎉
/python-environment-management-using-jupyterlab-desktop-cli-e57485c9287c,e57485c9287c,https://blog.jupyter.org/python-environment-management-using-jupyterlab-desktop-cli-e57485c9287c,2024-03-01-python-environment-management-using-jupyterlab-desktop-cli,2024-03-01,Python environment management using JupyterLab Desktop CLI
/jupyterlab-desktop-ui-modes-cec528d5e460,cec528d5e460,https://blog.jupyter.org/jupyterlab-desktop-ui-modes-cec528d5e460,2024-03-11-jupyterlab-desktop-ui-modes,2024-03-11,JupyterLab Desktop UI Modes
/make-your-pandas-or-polars-dataframes-interactive-with-itables-2-0-c64e75468fe6,c64e75468fe6,https://blog.jupyter.org/make-your-pandas-or-polars-dataframes-interactive-with-itables-2-0-c64e75468fe6,2024-03-19-make-your-pandas-or-polars-dataframes-interactive-with-itables-2-0,2024-03-19,Make your Pandas or Polars DataFrames Interactive with ITables 2.0
/cuda-enabled-jupyter-docker-images-8a9f8b8f2158,8a9f8b8f2158,https://blog.jupyter.org/cuda-enabled-jupyter-docker-images-8a9f8b8f2158,2024-04-16-cuda-enabled-jupyter-docker-images,2024-04-16,CUDA enabled Jupyter Docker Images
/jupyter-recognized-as-champion-of-open-science-by-u-s-white-house-fcb0018f8efa,fcb0018f8efa,https://blog.jupyter.org/jupyter-recognized-as-champion-of-open-science-by-u-s-white-house-fcb0018f8efa,2024-05-07-jupyter-recognized-as-champion-of-open-science-by-u-s-white-house,2024-05-07,Jupyter recognized as “Champion of Open Science” by U.S. White House
/jupyterlab-4-2-and-notebook-7-2-are-available-b5e6b3c753de,b5e6b3c753de,https://blog.jupyter.org/jupyterlab-4-2-and-notebook-7-2-are-available-b5e6b3c753de,2024-05-22-jupyterlab-4-2-and-notebook-7-2-are-available,2024-05-22,JupyterLab 4.2 and Notebook 7.2 are available!
/jupytergis-d63b7adf9d0c,d63b7adf9d0c,https://blog.jupyter.org/jupytergis-d63b7adf9d0c,2024-06-12-jupytergis,2024-06-12,JupyterGIS
/ipydatagrid-is-now-part-of-project-jupyter-3b3dfb877664,3b3dfb877664,https://blog.jupyter.org/ipydatagrid-is-now-part-of-project-jupyter-3b3dfb877664,2024-08-22-ipydatagrid-is-now-part-of-project-jupyter,2024-08-22,ipydatagrid is now part of Project Jupyter
/community-building-report-project-jupyter-5a0fd7c8b08d,5a0fd7c8b08d,https://blog.jupyter.org/community-building-report-project-jupyter-5a0fd7c8b08d,2024-08-29-community-building-report-project-jupyter,2024-08-29,Community Building Report: Project Jupyter
/announcing-the-2023-jupyter-distinguished-contributor-award-recipients-1b2cc4ba203f,1b2cc4ba203f,https://blog.jupyter.org/announcing-the-2023-jupyter-distinguished-contributor-award-recipients-1b2cc4ba203f,2024-09-04-announcing-the-2023-jupyter-distinguished-contributor-award-recipients,2024-09-04,Announcing the 2023 Jupyter Distinguished Contributor Award Recipients
/interactive-mapping-with-ipyopenlayers-2b8bc93bb6c4,2b8bc93bb6c4,https://blog.jupyter.org/interactive-mapping-with-ipyopenlayers-2b8bc93bb6c4,2024-09-05-interactive-mapping-with-ipyopenlayers,2024-09-05,Interactive Mapping with ipyopenlayers
/exploring-a-documents-timeline-in-jupyterlab-6084f96db263,6084f96db263,https://blog.jupyter.org/exploring-a-documents-timeline-in-jupyterlab-6084f96db263,2024-09-13-exploring-a-documents-timeline-in-jupyterlab,2024-09-13,Exploring a Document’s Timeline in JupyterLab
/november-2024-jupyter-community-call-f5d0761c67a1,f5d0761c67a1,https://blog.jupyter.org/november-2024-jupyter-community-call-f5d0761c67a1,2024-10-21-november-2024-jupyter-community-call,2024-10-21,November 2024 Jupyter Community Call
/project-jupyter-joins-lf-charities-6daa30a46dab,6daa30a46dab,https://blog.jupyter.org/project-jupyter-joins-lf-charities-6daa30a46dab,2024-10-23-project-jupyter-joins-lf-charities,2024-10-23,Project Jupyter joins LF Charities
/automate-your-releases-with-the-jupyter-releaser-701e7b9841e6,701e7b9841e6,https://blog.jupyter.org/automate-your-releases-with-the-jupyter-releaser-701e7b9841e6,2024-10-28-automate-your-releases-with-the-jupyter-releaser,2024-10-28,Automate your releases with the Jupyter Releaser 🚀
/jupyterlite-terminal-edb3f80dc1c0,edb3f80dc1c0,https://blog.jupyter.org/jupyterlite-terminal-edb3f80dc1c0,2024-11-13-jupyterlite-terminal,2024-11-13,JupyterLite Terminal
/jupyterlab-4-3-and-notebook-7-3-are-available-eaaa7227d61b,eaaa7227d61b,https://blog.jupyter.org/jupyterlab-4-3-and-notebook-7-3-are-available-eaaa7227d61b,2024-12-05-jupyterlab-4-3-and-notebook-7-3-are-available,2024-12-05,JupyterLab 4.3 and Notebook 7.3 are available!
/build-your-jupyter-dashboard-using-solara-569fa5b16e9c,569fa5b16e9c,https://blog.jupyter.org/build-your-jupyter-dashboard-using-solara-569fa5b16e9c,2024-12-17-build-your-jupyter-dashboard-using-solara,2024-12-17,Build your Jupyter dashboard using Solara
/introducing-notebook-intelligence-3648c306b91a,3648c306b91a,https://blog.jupyter.org/introducing-notebook-intelligence-3648c306b91a,2025-01-13-introducing-notebook-intelligence,2025-01-13,Introducing Notebook Intelligence!
/jupyter-community-call-february-2025-163de1701169,163de1701169,https://blog.jupyter.org/jupyter-community-call-february-2025-163de1701169,2025-01-30-jupyter-community-call-february-2025,2025-01-30,Jupyter Community Call: February 2025
/join-jupyterhub-on-zulip-chat-4c17491bd96d,4c17491bd96d,https://blog.jupyter.org/join-jupyterhub-on-zulip-chat-4c17491bd96d,2025-02-06-join-jupyterhub-on-zulip-chat,2025-02-06,Join JupyterHub on Zulip chat!
/announcing-jupytercad-3-0-d8f4b7b0a719,d8f4b7b0a719,https://blog.jupyter.org/announcing-jupytercad-3-0-d8f4b7b0a719,2025-02-17-announcing-jupytercad-3-0,2025-02-17,Announcing JupyterCAD 3.0
/building-ai-agents-for-jupyterlab-using-notebook-intelligence-0515d4c41a61,0515d4c41a61,https://blog.jupyter.org/building-ai-agents-for-jupyterlab-using-notebook-intelligence-0515d4c41a61,2025-02-24-building-ai-agents-for-jupyterlab-using-notebook-intelligence,2025-02-24,Building AI Agents for JupyterLab using Notebook Intelligence
/real-time-collaboration-and-collaborative-editing-for-gis-workflows-with-jupyter-and-qgis-d25dbe2832a6,d25dbe2832a6,https://blog.jupyter.org/real-time-collaboration-and-collaborative-editing-for-gis-workflows-with-jupyter-and-qgis-d25dbe2832a6,2025-02-26-real-time-collaboration-and-collaborative-editing-for-gis-workflows-with-jupyter,2025-02-26,Collaborative editing for GIS workflows with Jupyter and QGIS
/r-in-the-browser-announcing-our-webassembly-distribution-9450e9539ed5,9450e9539ed5,https://blog.jupyter.org/r-in-the-browser-announcing-our-webassembly-distribution-9450e9539ed5,2025-02-28-r-in-the-browser-announcing-our-webassembly-distribution,2025-02-28,R in the Browser: Announcing Our WebAssembly Distribution
/simplifying-and-speeding-up-binder-builds-with-buildkit-d44f96582994,d44f96582994,https://blog.jupyter.org/simplifying-and-speeding-up-binder-builds-with-buildkit-d44f96582994,2025-03-03-simplifying-and-speeding-up-binder-builds-with-buildkit,2025-03-03,Simplifying and speeding up Binder builds with BuildKit
/project-jupyters-2025-executive-council-elections-605b183ec64c,605b183ec64c,https://blog.jupyter.org/project-jupyters-2025-executive-council-elections-605b183ec64c,2025-03-06-project-jupyters-2025-executive-council-elections,2025-03-06,Project Jupyter’s 2025 Executive Council Elections
/jupytercon-2025-c654a31a584e,c654a31a584e,https://blog.jupyter.org/jupytercon-2025-c654a31a584e,2025-03-31-jupytercon-2025,2025-03-31,JupyterCon 2025!
/exploring-open-access-art-using-the-deno-jupyter-kernel-da0ad084966e,da0ad084966e,https://blog.jupyter.org/exploring-open-access-art-using-the-deno-jupyter-kernel-da0ad084966e,2025-04-17-exploring-open-access-art-using-the-deno-jupyter-kernel,2025-04-17,Exploring Open Access Art Using the Deno Jupyter Kernel
/congratulations-distinguished-contributors-2504029fc5a9,2504029fc5a9,https://blog.jupyter.org/congratulations-distinguished-contributors-2504029fc5a9,2025-05-15-congratulations-distinguished-contributors,2025-05-15,"Congratulations, Distinguished Contributors!"
/jupyterlab-4-4-and-notebook-7-4-are-available-aca2782d4f3d,aca2782d4f3d,https://blog.jupyter.org/jupyterlab-4-4-and-notebook-7-4-are-available-aca2782d4f3d,2025-05-21-jupyterlab-4-4-and-notebook-7-4-are-available,2025-05-21,JupyterLab 4.4 and Notebook 7.4 are available!
/jupyter-community-call-june-2025-2a34ba44ca13,2a34ba44ca13,https://blog.jupyter.org/jupyter-community-call-june-2025-2a34ba44ca13,2025-05-22-jupyter-community-call-june-2025,2025-05-22,Jupyter Community Call: June 2025
/jupyterlite-0-6-0-is-released-b4bc69bfc8f4,b4bc69bfc8f4,https://blog.jupyter.org/jupyterlite-0-6-0-is-released-b4bc69bfc8f4,2025-06-12-jupyterlite-0-6-0-is-released,2025-06-12,JupyterLite 0.6.0 is released! 🎉
/c-in-jupyter-interpreting-c-in-the-web-c9d93542f20b,c9d93542f20b,https://blog.jupyter.org/c-in-jupyter-interpreting-c-in-the-web-c9d93542f20b,2025-06-19-c-in-jupyter-interpreting-c-in-the-web,2025-06-19,C++ in Jupyter — Interpreting C++ in the Web
/jupyter-community-call-september-2025-e4d2cfa3ea41,e4d2cfa3ea41,https://blog.jupyter.org/jupyter-community-call-september-2025-e4d2cfa3ea41,2025-07-31-jupyter-community-call-september-2025,2025-07-31,Jupyter Community Call: September 2025
/jupyter-community-workshops-are-back-3cca15d02975,3cca15d02975,https://blog.jupyter.org/jupyter-community-workshops-are-back-3cca15d02975,2025-08-07-jupyter-community-workshops-are-back,2025-08-07,Jupyter Community Workshops Are Back!
/your-ideas-our-support-jupyter-community-call-for-funding-proposals-f4642590ae76,f4642590ae76,https://blog.jupyter.org/your-ideas-our-support-jupyter-community-call-for-funding-proposals-f4642590ae76,2025-08-28-your-ideas-our-support-jupyter-community-call-for-funding-proposals,2025-08-28,"Your Ideas, Our Support: Jupyter Community Call For Funding Proposals"
/gnu-octave-meets-jupyterlite-compute-anywhere-anytime-8b033afbbcdc,8b033afbbcdc,https://blog.jupyter.org/gnu-octave-meets-jupyterlite-compute-anywhere-anytime-8b033afbbcdc,2025-10-16-gnu-octave-meets-jupyterlite-compute-anywhere-anytime,2025-10-16,"GNU Octave Meets JupyterLite: Compute Anywhere, Anytime!"
/announcing-our-first-jupyter-community-funded-proposals-dd5263c19be3,dd5263c19be3,https://blog.jupyter.org/announcing-our-first-jupyter-community-funded-proposals-dd5263c19be3,2025-11-04-announcing-our-first-jupyter-community-funded-proposals,2025-11-04,Announcing our first Jupyter Community Funded Proposals
/jupyter-community-call-december-2025-f0cf14e857ed,f0cf14e857ed,https://blog.jupyter.org/jupyter-community-call-december-2025-f0cf14e857ed,2025-11-13-jupyter-community-call-december-2025,2025-11-13,"Hey Jovyans, we’d love for you to join us on our final community call of the year!"
/scaling-maintainer-intuition-with-pull-request-triage-boards-779f2387498b,779f2387498b,https://blog.jupyter.org/scaling-maintainer-intuition-with-pull-request-triage-boards-779f2387498b,2025-11-16-scaling-maintainer-intuition-with-pull-request-triage-boards,2025-11-16,Scaling “Maintainer Intuition” with Pull Request Triage Boards
/jupyter-community-workshops-early-2026-a9ce9670ba19,a9ce9670ba19,https://blog.jupyter.org/jupyter-community-workshops-early-2026-a9ce9670ba19,2025-11-20-jupyter-community-workshops-early-2026,2025-11-20,Jupyter Community Workshops: Early 2026
/jupyterlab-4-5-and-notebook-7-5-are-available-1bcd1fa19a47,1bcd1fa19a47,https://blog.jupyter.org/jupyterlab-4-5-and-notebook-7-5-are-available-1bcd1fa19a47,2025-11-24-jupyterlab-4-5-and-notebook-7-5-are-available,2025-11-24,JupyterLab 4.5 and Notebook 7.5 are available!
/jupyterlite-0-7-is-released-67db4d1609ad,67db4d1609ad,https://blog.jupyter.org/jupyterlite-0-7-is-released-67db4d1609ad,2025-12-04-jupyterlite-0-7-is-released,2025-12-04,JupyterLite 0.7 is released! 🎉
/instantly-view-parquet-files-in-jupyterlab-with-arbalister-4799c28bbce7,4799c28bbce7,https://blog.jupyter.org/instantly-view-parquet-files-in-jupyterlab-with-arbalister-4799c28bbce7,2026-01-29-instantly-view-parquet-files-in-jupyterlab-with-arbalister,2026-01-29,Instantly view Parquet files in JupyterLab with Arbalister
/mybinder-org-adding-request-origin-to-events-archive-92fe0f954eab,92fe0f954eab,https://blog.jupyter.org/mybinder-org-adding-request-origin-to-events-archive-92fe0f954eab,2026-02-02-mybinder-org-adding-request-origin-to-events-archive,2026-02-02,mybinder.org adding request Origin to events archive
/jupyterlite-officially-joins-project-jupyter-77df24c8db80,77df24c8db80,https://blog.jupyter.org/jupyterlite-officially-joins-project-jupyter-77df24c8db80,2026-02-12-jupyterlite-officially-joins-project-jupyter,2026-02-12,JupyterLite Officially Joins Project Jupyter!
/jupyter-community-call-february-2026-3e25bc0671d9,3e25bc0671d9,https://blog.jupyter.org/jupyter-community-call-february-2026-3e25bc0671d9,2026-02-16-jupyter-community-call-february-2026,2026-02-16,Jupyter Community Call: February 2026
/expanding-geospatial-workflows-in-jupytergis-stac-browsing-and-story-maps-7fb98eece82e,7fb98eece82e,https://blog.jupyter.org/expanding-geospatial-workflows-in-jupytergis-stac-browsing-and-story-maps-7fb98eece82e,2026-02-19-expanding-geospatial-workflows-in-jupytergis-stac-browsing-and-story-maps,2026-02-19,Expanding Geospatial Workflows in JupyterGIS: STAC Browsing and Story Maps
/call-for-applications-community-manager-for-jupyterhub-and-jupyter-book-88b128a1a7b9,88b128a1a7b9,https://blog.jupyter.org/call-for-applications-community-manager-for-jupyterhub-and-jupyter-book-88b128a1a7b9,2026-03-05-call-for-applications-community-manager-for-jupyterhub-and-jupyter-book,2026-03-05,Call for applications: Community Manager for JupyterHub and Jupyter Book
/700-jupyterlab-4-extensions-8ac295b3d974,8ac295b3d974,https://blog.jupyter.org/700-jupyterlab-4-extensions-8ac295b3d974,2026-03-13-700-jupyterlab-4-extensions,2026-03-13,700 JupyterLab 4 Extensions!
/jupyter-security-sprint-march-31st-5a2293de5cd5,5a2293de5cd5,https://blog.jupyter.org/jupyter-security-sprint-march-31st-5a2293de5cd5,2026-03-20-jupyter-security-sprint-march-31st,2026-03-20,Jupyter Security Sprint March 31st
/whats-new-in-myst-markdown-1-8-2-b7ae8975b03e,b7ae8975b03e,https://blog.jupyter.org/whats-new-in-myst-markdown-1-8-2-b7ae8975b03e,2026-03-26-whats-new-in-myst-markdown-1-8-2,2026-03-26,What’s New in MyST Markdown 1.8.2
/berkeley-institute-for-data-science-bids-joins-the-mybinder-org-federation-with-help-from-2i2c-f0f22d0b5ba5,f0f22d0b5ba5,https://blog.jupyter.org/berkeley-institute-for-data-science-bids-joins-the-mybinder-org-federation-with-help-from-2i2c-f0f22d0b5ba5,2026-04-08-berkeley-institute-for-data-science-bids-joins-the-mybinder-org-federation-with-,2026-04-08,Berkeley Institute for Data Science (BIDS) joins the mybinder.org
/better-sharing-ux-with-nbgitpuller-and-contextual-error-handling-18eb5c83dc1b,18eb5c83dc1b,https://blog.jupyter.org/better-sharing-ux-with-nbgitpuller-and-contextual-error-handling-18eb5c83dc1b,2026-04-09-better-sharing-ux-with-nbgitpuller-and-contextual-error-handling,2026-04-09,Better sharing UX with nbgitpuller and contextual error handling
/the-myst-anywidget-directive-daa55c348ab2,daa55c348ab2,https://blog.jupyter.org/the-myst-anywidget-directive-daa55c348ab2,2026-04-16-the-myst-anywidget-directive,2026-04-16,The MyST AnyWidget Directive
/exploring-petabytes-of-the-night-sky-jupyter-notebooks-at-noirlabs-astro-data-lab-science-ae012dfd4723,ae012dfd4723,https://blog.jupyter.org/exploring-petabytes-of-the-night-sky-jupyter-notebooks-at-noirlabs-astro-data-lab-science-ae012dfd4723,2026-04-20-exploring-petabytes-of-the-night-sky-jupyter-notebooks-at-noirlabs-astro-data-la,2026-04-20,Exploring Petabytes of the Night Sky — Jupyter Notebooks at NOIRLab’s Astro Data Lab Science…
/how-we-combine-multiple-repositories-into-one-website-at-jupyterbook-org-588c0197a369,588c0197a369,https://blog.jupyter.org/how-we-combine-multiple-repositories-into-one-website-at-jupyterbook-org-588c0197a369,2026-04-22-how-we-combine-multiple-repositories-into-one-website-at-jupyterbook-org,2026-04-22,How we combine multiple repositories into one website at jupyterbook.org
/a-jupyter-workshop-demystifying-myst-markdown-in-education-612995ff6d56,612995ff6d56,https://blog.jupyter.org/a-jupyter-workshop-demystifying-myst-markdown-in-education-612995ff6d56,2026-04-30-a-jupyter-workshop-demystifying-myst-markdown-in-education,2026-04-30,A Jupyter Workshop: Demystifying MyST Markdown in Education
/nb-cli-a-command-line-interface-for-ai-agents-and-notebook-automation-996ad7edacd9,996ad7edacd9,https://blog.jupyter.org/nb-cli-a-command-line-interface-for-ai-agents-and-notebook-automation-996ad7edacd9,2026-05-11-nb-cli-a-command-line-interface-for-ai-agents-and-notebook-automation,2026-05-11,nb-cli: A Command-Line Interface for AI Agents and Notebook Automation
/our-new-jupyter-foundation-community-manager-61129cf288b1,61129cf288b1,https://blog.jupyter.org/our-new-jupyter-foundation-community-manager-61129cf288b1,2026-05-18-our-new-jupyter-foundation-community-manager,2026-05-18,Our new Jupyter Foundation Community Manager
/a-users-journey-with-plugin-playground-from-first-idea-to-installable-jupyterlab-extension-697021dd6fb9,697021dd6fb9,https://blog.jupyter.org/a-users-journey-with-plugin-playground-from-first-idea-to-installable-jupyterlab-extension-697021dd6fb9,2026-05-28-a-users-journey-with-plugin-playground-from-first-idea-to-installable-jupyterlab,2026-05-28,A User’s Journey with Plugin Playground: From First Idea to Installable JupyterLab Extension.
/catching-jupyter-specific-bugs-before-ci-does-announcing-jupyter-eslint-plugin-fc65ae414630,fc65ae414630,https://blog.jupyter.org/catching-jupyter-specific-bugs-before-ci-does-announcing-jupyter-eslint-plugin-fc65ae414630,2026-06-11-catching-jupyter-specific-bugs-before-ci-does-announcing-jupyter-eslint-plugin,2026-06-11,Catching Jupyter-specific bugs before CI does: announcing jupyter eslint plugin
/becoming-the-new-jupyterhub-and-jupyter-book-community-manager-481d864947d4,481d864947d4,https://blog.jupyter.org/becoming-the-new-jupyterhub-and-jupyter-book-community-manager-481d864947d4,2026-06-15-becoming-the-new-jupyterhub-and-jupyter-book-community-manager,2026-06-15,Becoming the new JupyterHub and Jupyter Book community manager
/jupyter-user-survey-252ac60945ae,252ac60945ae,https://blog.jupyter.org/jupyter-user-survey-252ac60945ae,2026-06-18-jupyter-user-survey,2026-06-18,Jupyter User Survey
/announcing-jupyter-builder-a-standalone-build-system-for-jupyterlab-extensions-c3d4cc06fa95,c3d4cc06fa95,https://blog.jupyter.org/announcing-jupyter-builder-a-standalone-build-system-for-jupyterlab-extensions-c3d4cc06fa95,2026-06-19-announcing-jupyter-builder-a-standalone-build-system-for-jupyterlab-extensions,2026-06-19,Announcing jupyter-builder: A Standalone Build System for JupyterLab Extensions
/congratulations-distinguished-contributors-1998f468b29e,1998f468b29e,https://blog.jupyter.org/congratulations-distinguished-contributors-1998f468b29e,2026-06-24-congratulations-distinguished-contributors,2026-06-24,"Congratulations, Distinguished Contributors!"
/jupyterlab-4-6-and-notebook-7-6-are-out-dd84e1e919f2,dd84e1e919f2,https://blog.jupyter.org/jupyterlab-4-6-and-notebook-7-6-are-out-dd84e1e919f2,2026-07-02-jupyterlab-4-6-and-notebook-7-6-are-out,2026-07-02,JupyterLab 4.6 and Notebook 7.6 are out!
/2026-jupyter-community-call-for-funding-proposals-f938928a1b8e,f938928a1b8e,https://blog.jupyter.org/2026-jupyter-community-call-for-funding-proposals-f938928a1b8e,2026-07-06-2026-jupyter-community-call-for-funding-proposals,2026-07-06,2026 Jupyter Community Call For Funding Proposals
/navigating-the-post-workshop-fog-a-path-to-myst-6aaaaa6bf81f,6aaaaa6bf81f,https://blog.jupyter.org/navigating-the-post-workshop-fog-a-path-to-myst-6aaaaa6bf81f,2026-07-09-navigating-the-post-workshop-fog-a-path-to-myst,2026-07-09,Navigating the Post-Workshop Fog: a Path to Myst
/jupyterlite-0-8-is-released-0c89c4200f79,0c89c4200f79,https://blog.jupyter.org/jupyterlite-0-8-is-released-0c89c4200f79,2026-07-10-jupyterlite-0-8-is-released,2026-07-10,JupyterLite 0.8 is released! 🎉
/positron-server-available-for-academic-use-via-jupyterhub-ae4e406f9444,ae4e406f9444,https://blog.jupyter.org/positron-server-available-for-academic-use-via-jupyterhub-ae4e406f9444,2026-07-29-positron-server-available-for-academic-use-via-jupyterhub,2026-07-29,Positron Server available for academic use via JupyterHub
/jupytergis-0-16-new-visualization-capabilities-collaborative-story-maps-and-more-03e6b78bacc0,03e6b78bacc0,https://blog.jupyter.org/jupytergis-0-16-new-visualization-capabilities-collaborative-story-maps-and-more-03e6b78bacc0,2026-08-24-jupytergis-0-16-new-visualization-capabilities-collaborative-story-maps-and-more,2026-08-24,"JupyterGIS 0.16: New visualization capabilities, collaborative Story Maps, and more"
/what-you-told-us-results-from-the-2026-jupyter-user-experience-and-product-enhancement-survey-9a2d911cf42f,9a2d911cf42f,https://blog.jupyter.org/what-you-told-us-results-from-the-2026-jupyter-user-experience-and-product-enhancement-survey-9a2d911cf42f,2026-08-25-what-you-told-us-results-from-the-2026-jupyter-user-experience-and-product-enhan,2026-08-25,What you told us: results from the 2026 Jupyter User Experience and Product Enhancement Survey
